cdiscip;cprest;dprest
1;89.01;ANAMNESI E VALUTAZIONE DEFINITE BRE
1;89.07;CONSULTO INTERDISCIPLINARE DEFINITO
1;89.12;STUDIO DELLA FUNZIONE NASALE - Rino
1;89.7;VISITA GENERALE                    
1;99.12;IMMUNIZZAZIONE PER ALLERGIA Desensi
1;99.13;IMMUNIZZAZIONE PER MALATTIA AUTOIMM
1;89.12.A;RINOMANOMETRIA CON TEST DI PROVOCAZ
1;89.37.1;SPIROMETRIA SEMPLICE
1;89.37.4;TEST DI BRONCODILATAZIONE FARMACOLO
1;89.37.5;PROVA BRONCODINAMICA CON BRONCOCOST
1;89.37.6;PROVA BRONCODINAMICA CON BRONCOCOST
1;89.38.8;TEST DI DISTRIBUZIONE DELLA VENTILA
1;89.7.2;VALUTAZIONE CLINICA
1;91.49.2;PRELIEVO DI SANGUE VENOSO
1;91.90.1;ESAME ALLERGOLOGICO STRUMENTALE PER
1;91.90.4;SCREENING ALLERGOLOGICO PER INALANT
1;91.90.5;TEST EPICUTANEI A LETTURA RITARDATA
1;91.90.6;TEST PERCUTANEI E INTRACUTANEI A LE
1;91.90.7;TEST DI TOLLERANZA ORALE PER ALIMEN
1;91.90.A;PRICK BY PRICK CON ALLERGENI FRESCH
1;91.90.B;TEST EPICUTANEO IN APERTO (Open tes
1;93.82.2;TERAPIA EDUCAZIONALE DELL  ASMATICO
5;89.01;ANAMNESI E VALUTAZIONE DEFINITE BRE
5;89.7;VISITA GENERALE                    
7;89.01;ANAMNESI E VALUTAZIONE DEFINITE BRE
7;89.7;VISITA GENERALE                    
8;36;ANGIOPLASTICA CORONARICA PERCUTANEA
8;38.22;ANGIOSCOPIA PERCUTANEA - Capillaros
8;39.92;INIEZIONE INTRAVENOSA DI SOSTANZE S
8;89.01;ANAMNESI E VALUTAZIONE DEFINITE BRE
8;89.41;TEST CARDIOVASCOLARE DA SFORZO CON 
8;89.42;TEST DA SFORZO DEI DUE GRADINI DI M
8;89.43;TEST CARDIOVASCOLARE DA SFORZO CON 
8;89.44;ALTRI TEST CARDIOVASCOLARI DA SFORZ
8;89.5;ELETTROCARDIOGRAMMA DINAMICO - Disp
8;89.52;ELETTROCARDIOGRAMMA -
8;89.54;MONITORAGGIO ELETTROCARDIOGRAFICO -
8;89.62;MONITORAGGIO DELLA PRESSIONE VENOSA
8;89.7;VISITA GENERALE                    
8;38.22.1;CAPILLAROSCOPIA CON VIDEOREGISTRAZI
8;88.71.2;STUDIO DOPPLER TRANSCRANICO - Con a
8;88.71.3;COLOR DOPPLER TRANSCRANICO -
8;88.72.4;ECO(COLOR)DOPPLERGRAFIA CARDIACA TR
8;88.72.5;ECOCARDIOGRAMMA FETALE -
8;88.72.6;ECOCARDIOGRAFIA
8;88.72.7;ECOCARDIOGRAFIA DA STRESS CON PROVA
8;88.73.5;ECO(COLOR) DOPPLER DEI TRONCHI SOVR
8;88.77.1;ECOGRAFIA DEGLI ARTI SUPERIORI O IN
8;88.77.2;ECO(COLOR) DOPPLERGRAFIA DEGLI ARTI
8;88.77.3;(LASER)DOPPLERGRAFIA DEGLI ARTI SUP
8;89.44.1;PROVA DA SFORZO CARDIORESPIRATORIO 
8;89.48.1;CONTROLLO E PROGRAMMAZIONE PACE-MAK
8;89.48.2;CONTROLLO E PROGRAMMAZIONE DEFIBRIL
8;89.54.1;MONITORAGGIO DINAMICO ECG CON CARDI
8;89.54.2;REGISTRAZIONE ECG DEI POTENZIALI TA
8;89.54.3;ECG CON TEST PROVOCATIVI E/O PROVE 
8;89.54.4;ECG TRANSESOFAGEO
8;89.54.5;ECG TRANSESOFAGEO CON STUDIO ELETTR
8;89.58.1;FOTOPLETISMOGRAFIA DEGLI ARTI SUPER
8;89.58.2;FOTOPLETISMOGRAFIA DEGLI ARTI SUPER
8;89.58.3;FOTOPLETISMOGRAFIA DI ALTRI DISTRET
8;89.58.4;PLETISMOGRAFIA AD OCCLUSIONE VENOSA
8;89.58.5;PLETISMOGRAFIA AD OCCLUSIONE VENOSA
8;89.58.6;PLETISMOGRAFIA PENIENA - A riposo o
8;89.58.7;PLETISMOGRAFIA DI ALTRI DISTRETTI  
8;89.58.8;PLETISMOGRAFIA DI UN ARTO -
8;89.59.1;TEST  CARDIOVASCOLARI PER VALUTAZIO
8;89.61.1;MONITORAGGIO CONTINUO [24 Ore] DELL
8;99.29.2;INIEZIONE PERIARTERIOSA -
9;6.01;ASPIRAZIONE NELLA REGIONE TIROIDEA 
9;6.13;BIOPSIA DELLE PARATIROIDI -
9;34.24;BIOPSIA DELLA PLEURA - Biopsia con 
9;34.91;TORACENTESI -
9;40.11;BIOPSIA DI STRUTTURE LINFATICHE - B
9;41.31;BIOPSIA [AGOBIOPSIA] DEL MIDOLLO OS
9;48.35;Asportazione locale di lesione o te
9;49.01;INCISIONE DI ASCESSO PERIANALE -
9;49.02;ALTRA INCISIONE DI TESSUTI PERIANAL
9;49.11;FISTULOTOMIA ANALE - Extrasfinteric
9;49.23;BIOPSIA DELL  ANO -
9;49.31;ASPORTAZIONE ENDOSCOPICA O DEMOLIZI
9;49.39;ALTRA ASPORTAZIONE O DEMOLIZIONE LO
9;49.42;INIEZIONI DELLE EMORROIDI -
9;49.45;LEGATURA DELLE EMORROIDI -
9;49.46;ASPORTAZIONE DELLE EMORROIDI - Emor
9;49.47;RIMOZIONE DI EMORROIDI TROMBIZZATE 
9;49.59;SFINTEROTOMIA   ANALE - Divisione d
9;50.11;BIOPSIA [PERCUTANEA][AGOBIOPSIA] DE
9;50.91;ALCOLIZZAZIoNE PERCUTANEA DEL FEGAT
9;53.41;RIPARAZIONE DI ERNIA OMBELICALE CON
9;54.22;BIOPSIA DELLA PARETE ADDOMINALE O D
9;54.24;BIOPSIA [PERCUTANEA][AGOBIOPSIA] DI
9;54.91;DRENAGGIO PERCUTANEO ADDOMINALE - P
9;83.09;ALTRA INCISIONE DEI TESSUTI MOLLI -
9;83.21;BIOPSIA DEI TESSUTI MOLLI - Escluso
9;83.31;ASPORTAZIONE DI LESIONE DELLE FASCE
9;83.98;INIEZIONE DI SOSTANZE TERAPEUTICHE 
9;84.01;AMPUTAZIONE E DISARTICOLAZIONE DI D
9;84.02;AMPUTAZIONE E DISARTICOLAZIONE DEL
9;84.11;AMPUTAZIONE DI DITA DEL PIEDE (Visi
9;85;MASTOTOMIA - Incisione della mammel
9;85.11;BIOPSIA [PERCUTANEA][AGOBIOPSIA] DE
9;85.2;ASPORTAZIONE O DEMOLIZIONE DI TESSU
9;85.21;ASPORTAZIONE LOCALE DI LESIONE DELL
9;86.01;ASPIRAZIONE DELLA CUTE E DEL TESSUT
9;86.03;INCISIONE DI CISTI O SENO PILONIDAL
9;86.04;INCISIONE CON DRENAGGIO DELLA CUTE 
9;86.11;BIOPSIA DELLA CUTE E DEL TESSUTO SO
9;86.22;RIMOZIONE ASPORTATIVA DI FERITA
9;86.23;RIMOZIONE DI UNGHIA
9;86.27;CURETTAGE DI UNGHIA
9;86.28;RIMOZIONE NON ASPORTATIVA DI FERITA
9;86.81;RIPARAZIONE DI DIFETTI DEL VISO -
9;89.01;ANAMNESI E VALUTAZIONE DEFINITE BRE
9;89.7;VISITA GENERALE                    
9;96.22;DILATAZIONE DEL RETTO -
9;96.23;DILATAZIONE DELLO SFINTERE ANALE -
9;96.26;RIDUZIONE MANUALE DI PROLASSO RETTA
9;96.27;RIDUZIONE MANUALE DI ERNIA -
9;98.18;RIMOZIONE DI CORPO ESTRANEO INTRALU
9;98.2;RIMOZIONE DI CORPO ESTRANEO
9;98.22;RIMOZIONE DI CORPO ESTRANEO SUPERFI
9;98.25;RIMOZIONE DI ALTRO CORPO ESTRANEO D
9;98.26;RIMOZIONE DI CORPO ESTRANEO DALLA M
9;98.27;RIMOZIONE DI CORPO ESTRANEO DALL AR
9;98.28;RIMOZIONE DI CORPO ESTRANEO DAL PIE
9;98.29;RIMOZIONE DI CORPO ESTRANEO DALL AR
9;06.11.1;BIOPSIA [PERCUTANEA] [AGOBIOPSIA] D
9;06.11.2;BIOPSIA [PERCUTANEA] [AGOBIOPSIA] D
9;34.91.1;TORACENTESI  TC-guidata
9;38.59.3;INTERVENTI SUI VASI VENOSI EXTRASAF
9;40.19.1;AGOBIOPSIA ECO-GUIDATA DI SEDI PROF
9;40.19.2;AGOBIOPSIA TC-GUIDATA DI SEDI PROFO
9;50.19.1;BIOPSIA [PERCUTANEA][AGOBIOPSIA] DE
9;53.00.1;RIPARAZIONE MONOLATERALE DI ERNIA
9;53.00.2;RIPARAZIONE MONOLATERALE DI ERNIA
9;53.21.1;RIPARAZIONE MONOLATERALE DI ERNIA
9;53.29.1;RIPARAZIONE MONOLATERALE DI ERNIA
9;53.49.1;RIPARAZIONE DI ERNIA OMBELICALE (In
9;54.91.1;DRENAGGIO PERCUTANEO DI RACCOLTA FL
9;83.21.1;BIOPSIA ECO-GUIDATA DEI TESSUTI MOL
9;85.11.1;BIOPSIA ECO-GUIDATA DELLA MAMMELLA 
9;85.21.1;ASPIRAZIONE PERCUTANEA DI CISTI DEL
9;86.02.1;SCLEROSI DI FISTOLA PILONIDALE -
9;86.05.1;INCISIONE CON RIMOZIONE DI CORPO ES
9;86.30.0;ASPORTAZIONE O DEMOLIZIONE LOCALE C
10;89.01;ANAMNESI E VALUTAZIONE DEFINITE BRE
10;89.7;VISITA GENERALE                    
12;4.43;LIBERAZIONE DEL TUNNEL CARPALE comp
12;84.01;AMPUTAZIONE E DISARTICOLAZIONE DI D
12;84.02;AMPUTAZIONE E DISARTICOLAZIONE DEL
12;84.11;AMPUTAZIONE DI DITA DEL PIEDE (Visi
12;86.22;RIMOZIONE ASPORTATIVA DI FERITA
12;86.24;CHEMIOCHIRURGIA DELLA CUTE - Peelin
12;86.25;DERMOABRASIONE - Quella con laser (
12;86.4;ASPORTAZIONE RADICALE DI LESIONE DE
12;86.6;INNESTO CUTANEO
12;86.61;INNESTO DI CUTE A PIENO SPESSORE NE
12;86.62;ALTRO INNESTO DI CUTE NELLA MANO - 
12;86.71;ALLESTIMENTO E PREPARAZIONE DI LEMB
12;86.72;AVANZAMENTO DI LEMBO PEDUNCOLATO -
12;86.73;TRASFERIMENTO DI LEMBO PEDUNCOLATO 
12;86.74;TRASFERIMENTO DI LEMBO PEDUNCOLATO 
12;86.75;REVISIONE DI LEMBO PEDUNCOLATO - Sb
12;86.84;CORREZIONE DI CICATRICE O BRIGLIA R
12;89.01;ANAMNESI E VALUTAZIONE DEFINITE BRE
12;89.7;VISITA GENERALE                    
12;86.02.2;INFILTRAZIONE DI CHELOIDE -
12;86.30.0;ASPORTAZIONE O DEMOLIZIONE LOCALE C
12;86.59.1;SUTURA ESTETICA DI FERITA DEL VOLTO
12;86.59.2;SUTURA ESTETICA DI FERITA IN ALTRI 
12;86.59.3;ALTRA SUTURA ESTETICA DI FERITA IN 
12;86.61.A;Impianto sottocute di materiale ria
12;93.57.1;MEDICAZIONE DI USTIONI   -
13;89.01;ANAMNESI E VALUTAZIONE DEFINITE BRE
13;89.7;VISITA GENERALE                    
14;38.22;ANGIOSCOPIA PERCUTANEA - Capillaros
14;38.98;PUNTURA DI ARTERIA - Iniezione endo
14;39.92;INIEZIONE INTRAVENOSA DI SOSTANZE S
14;84.01;AMPUTAZIONE E DISARTICOLAZIONE DI D
14;84.02;AMPUTAZIONE E DISARTICOLAZIONE DEL
14;84.11;AMPUTAZIONE DI DITA DEL PIEDE (Visi
14;89.01;ANAMNESI E VALUTAZIONE DEFINITE BRE
14;89.62;MONITORAGGIO DELLA PRESSIONE VENOSA
14;89.7;VISITA GENERALE                    
14;38.22.1;CAPILLAROSCOPIA CON VIDEOREGISTRAZI
14;38.59.1;MINISTRIPPING DI VENE VARICOSE DELL
14;38.59.3;INTERVENTI SUI VASI VENOSI EXTRASAF
14;88.71.2;STUDIO DOPPLER TRANSCRANICO - Con a
14;88.71.3;COLOR DOPPLER TRANSCRANICO -
14;88.73.5;ECO(COLOR) DOPPLER DEI TRONCHI SOVR
14;88.76.2;ECOGRAFIA DI GROSSI VASI ADDOMINALI
14;88.77.1;ECOGRAFIA DEGLI ARTI SUPERIORI O IN
14;88.77.2;ECO(COLOR) DOPPLERGRAFIA DEGLI ARTI
14;88.77.3;(LASER)DOPPLERGRAFIA DEGLI ARTI SUP
14;89.58.1;FOTOPLETISMOGRAFIA DEGLI ARTI SUPER
14;89.58.2;FOTOPLETISMOGRAFIA DEGLI ARTI SUPER
14;89.58.3;FOTOPLETISMOGRAFIA DI ALTRI DISTRET
14;89.58.4;PLETISMOGRAFIA AD OCCLUSIONE VENOSA
14;89.58.5;PLETISMOGRAFIA AD OCCLUSIONE VENOSA
14;89.58.6;PLETISMOGRAFIA PENIENA - A riposo o
14;89.58.7;PLETISMOGRAFIA DI ALTRI DISTRETTI  
14;89.58.8;PLETISMOGRAFIA DI UN ARTO -
14;99.29.2;INIEZIONE PERIARTERIOSA -
18;89.01;ANAMNESI E VALUTAZIONE DEFINITE BRE
18;89.7;VISITA GENERALE                    
19;89.01;ANAMNESI E VALUTAZIONE DEFINITE BRE
19;89.7;VISITA GENERALE                    
19;06.11.1;BIOPSIA [PERCUTANEA] [AGOBIOPSIA] D
19;06.11.2;BIOPSIA [PERCUTANEA] [AGOBIOPSIA] D
19;88.71.4;DIAGNOSTICA ECOGRAFICA DEL CAPO E D
20;89.01;ANAMNESI E VALUTAZIONE DEFINITE BRE
20;89.7;VISITA GENERALE                    
21;89.01;ANAMNESI E VALUTAZIONE DEFINITE BRE
21;89.7;VISITA GENERALE                    
24;89.01;ANAMNESI E VALUTAZIONE DEFINITE BRE
24;89.7;VISITA GENERALE                    
26;89.01;ANAMNESI E VALUTAZIONE DEFINITE BRE
26;89.7;VISITA GENERALE                    
29;38.95;CATETERISMO VENOSO PER DIALISI RENA
29;54.93;CREAZIONE DI FISTOLA CUTANEOPERITON
29;89.01;ANAMNESI E VALUTAZIONE DEFINITE BRE
29;89.03;ANAMNESI E VALUTAZIONE DEFINITE COM
29;89.07;CONSULTO INTERDISCIPLINARE DEFINITO
29;89.7;VISITA GENERALE                    
29;96.57;IRRIGAZIONE DI CATETERE  VASCOLARE.
29;97.82;RIMOZIONE DI DISPOSITIVO DI DRENAGG
29;99.23;INIEZIONE DI STEROIDI - Iniezione d
29;99.71;PLASMAFERESI  TERAPEUTICA
29;39.95.1;EMODIALISI IN ACETATO O IN BICARBON
29;39.95.2;EMODIALISI IN ACETATO O IN BICARBON
29;39.95.3;EMODIALISI IN ACETATO O IN BICARBON
29;39.95.4;EMODIALISI IN BICARBONATO E MEMBRAN
29;39.95.5;EMODIAFILTRAZIONE Biofiltrazione se
29;39.95.6;EMODIAFILTRAZIONE AD ASSISTENZA LIM
29;39.95.7;ALTRA EMODIAFILTRAZIONE            
29;39.95.8;EMOFILTRAZIONE
29;39.95.9;EMODIALISI - EMOFILTRAZIONE Tecnica
29;39.95.A;EMODIALISI IN BICARBONATO E MEMBRAN
29;39.95.B;EMODIALISI IN BICARBONATO E MEMBRAN
29;39.95.C;ALTRA EMODIAFILTRAZIONE            
29;39.95.D;EMOFILTRAZIONE ad assistenza limita
29;39.99.1;VALUTAZIONE DEL RICIRCOLO DI FISTOL
29;54.98.1;DIALISI PERITONEALE AUTOMATIZZATA  
29;54.98.2;DIALISI PERITONEALE CONTINUA (CAPD)
29;54.98.3;DIALISI PERITONEALE AUTOMATIZZATA
29;54.98.4;DIALISI PERITONEALE INTERMITTENTE I
29;54.98.5;DIALISI PERITONEALE
29;88.74.5;ECO(COLOR)DOPPLER  DELLE ARTERIE RE
29;88.74.6;ECOGRAFIA RENO-VESCICALE
29;89.61.1;MONITORAGGIO CONTINUO [24 Ore] DELL
29;93.01.C;TRAINING PER L EMODIALISI DOMICILIA
29;93.01.D;TRAINING  PER IL TRATTAMENTO DI DIA
29;93.01.E;PREPARAZIONE DEL PAZIENTE PER L AVV
29;93.01.F;INSERIMENTO PAZIENTE IN LISTA DI TR
29;97.29.1;REVISIONE DI CATETERE  PERITONEALE 
29;99.24.1;INFUSIONE DI SOSTANZE ORMONALI -
30;3.91;INIEZIONE DI ANESTETICO NEL CANALE 
30;3.92;INIEZIONE DI ALTRI FARMACI NEL CANA
30;4.43;LIBERAZIONE DEL TUNNEL CARPALE comp
30;4.44;LIBERAZIONE DEL TUNNEL TARSALE (Vis
30;5.31;INIEZIONE DI ANESTETICO NEI NERVI S
30;5.32;INIEZIONE DI AGENTI NEUROLITICI NEI
30;89.01;ANAMNESI E VALUTAZIONE DEFINITE BRE
30;89.7;VISITA GENERALE                    
30;04.11.1;BIOPSIA [PERCUTANEA][AGOBIOPSIA] DE
30;99.29.1;INIEZIONE PERINERVOSA  -
32;89.01;ANAMNESI E VALUTAZIONE DEFINITE BRE
32;89.13;VISITA NEUROLOGICA -
32;89.14;ELETTROENCEFALOGRAMMA - Elettroence
32;89.17;POLISONNOGRAMMA - Diurno o notturno
32;89.7;VISITA GENERALE                    
32;88.71.1;ECOENCEFALOGRAFIA - Ecografia trans
32;88.71.2;STUDIO DOPPLER TRANSCRANICO - Con a
32;88.71.3;COLOR DOPPLER TRANSCRANICO -
32;89.14.1;ELETTROENCEFALOGRAMMA CON SONNO FAR
32;89.14.2;ELETTROENCEFALOGRAMMA CON PRIVAZION
32;89.14.3;ELETTROENCEFALOGRAMMA DINAMICO 24 O
32;89.14.4;ELETTROENCEFALOGRAMMA DINAMICO 12 O
32;89.14.5;ELETTROENCEFALOGRAMMA CON ANALISI S
32;89.15.1;POTENZIALI EVOCATI ACUSTICI
32;89.15.2;POTENZIALI EVOCATI STIMOLO ED EVENT
32;89.15.3;POTENZIALI EVOCATI MOTORI  Arto sup
32;89.15.4;POTENZIALI EVOCATI SOMATO-SENSORIAL
32;89.15.5;TEST NEUROFISIOLOGICI PER LA VALUTA
32;89.15.6;POLIGRAFIA - Escluso: Test neurofis
32;89.15.7;POLIGRAFIA DINAMICA AMBULATORIALE -
32;89.15.8;POTENZIALI EVOCATI UDITIVI - Per ri
32;89.15.9;POTENZIALI EVOCATI UDITIVI - Da sti
32;89.18.1;TEST POLISONNOGRAFICI DEL LIVELLO D
32;89.18.2;MONITORAGGIO PROTRATTO DEL CICLO SO
32;89.19.1;ELETTROENCEFALOGRAMMA CON VIDEOREGI
32;89.19.2;POLIGRAFIA CON VIDEOREGISTRAZIONE
32;93.01.3;VALUTAZIONE MONOFUNZIONALE - Con sc
32;93.01.4;VALUTAZIONE FUNZIONALE DELLE FUNZIO
32;93.08.1;ELETTROMIOGRAFIA SEMPLICE [EMG] - A
32;93.08.2;ELETTROMIOGRAFIA SINGOLA FIBRA - De
32;93.08.3;ELETTROMIOGRAFIA  DI UNITA  MOTORIA
32;93.08.4;ELETTROMIOGRAFIA DI MUSCOLI SPECIAL
32;93.08.5;RISPOSTE RIFLESSE   H
32;93.08.6;STIMOLAZIONE RIPETITIVA   Stimolazi
32;93.08.7;TEST PER TETANIA LATENTE - Incluso:
32;93.08.8;TEST DI ISCHEMIA PROLUNGATA - Inclu
32;93.08.A;STUDIO ELETTROMIOGRAFICO ARTO SUPER
32;93.08.B;
32;93.08.C;STUDIO ELETTROMIOGRAFICO DISTRETTO 
32;93.09.1;VELOCITA  DI CONDUZIONE NERVOSA MOT
32;93.09.2;VELOCITA  DI CONDUZIONE NERVOSA SEN
32;93.89.1;TRAINING CONDIZIONAMENTO AUDIOMETRI
32;93.89.2;TRAINING PER DISTURBI COGNITIVI - R
32;93.89.3;TRAINING PER DISTURBI COGNITIVI - R
32;94.01.2;SOMMINISTRAZIONE DI TEST DI DETERIO
32;94.02.1;SOMMINISTRAZIONE DI TEST DELLA MEMO
32;94.02.2;TEST DELLA SCALA DI MEMORIA DI WECH
32;94.08.1;SOMMINISTRAZIONE DI TEST DELLE FUNZ
32;94.08.2;SOMMINISTRAZIONE DI TEST DELLE  ABI
32;94.08.4;ESAME  DELL  AFASIA - Con batteria 
32;99.29.9;INIEZIONE DI TOSSINA BOTULINICA -
33;89.01;ANAMNESI E VALUTAZIONE DEFINITE BRE
33;89.14;ELETTROENCEFALOGRAMMA - Elettroence
33;89.17;POLISONNOGRAMMA - Diurno o notturno
33;89.7;VISITA GENERALE                    
33;94.09;COLLOQUIO PSICOLOGICO CLINICO
33;94.3;PSICOTERAPIA INDIVIDUALE
33;94.42;PSICOTERAPIA FAMILIARE - Per seduta
33;94.44;PSICOTERAPIA DI GRUPPO - Per seduta
33;95.23;POTENZIALI EVOCATI VISIVI  (VEP)   
33;89.14.1;ELETTROENCEFALOGRAMMA CON SONNO FAR
33;89.14.2;ELETTROENCEFALOGRAMMA CON PRIVAZION
33;89.14.3;ELETTROENCEFALOGRAMMA DINAMICO 24 O
33;89.14.4;ELETTROENCEFALOGRAMMA DINAMICO 12 O
33;89.14.5;ELETTROENCEFALOGRAMMA CON ANALISI S
33;89.15.1;POTENZIALI EVOCATI ACUSTICI
33;89.15.2;POTENZIALI EVOCATI STIMOLO ED EVENT
33;89.15.3;POTENZIALI EVOCATI MOTORI  Arto sup
33;89.15.4;POTENZIALI EVOCATI SOMATO-SENSORIAL
33;89.15.6;POLIGRAFIA - Escluso: Test neurofis
33;89.15.8;POTENZIALI EVOCATI UDITIVI - Per ri
33;89.15.9;POTENZIALI EVOCATI UDITIVI - Da sti
33;89.18.2;MONITORAGGIO PROTRATTO DEL CICLO SO
33;89.19.1;ELETTROENCEFALOGRAMMA CON VIDEOREGI
33;89.19.2;POLIGRAFIA CON VIDEOREGISTRAZIONE
33;93.01.5;VALUTAZIONE DELLE FUNZIONI CORTICAL
33;93.01.7;COUNSELLING
33;93.01.8;COUNSELLING
33;93.01.9;COUNSELLING  LOGOPEDICO
33;93.01.A;VALUTAZIONE DELLE FUNZIONI FONO ART
33;93.01.B;VALUTAZIONE CLINICA MULTIPROFESSION
33;93.03.1;VALUTAZIONE NEUROPSICOMOTORIA
33;93.03.2;VALUTAZIONE AUSILI E SISTEMI DI POS
33;93.04.4;VALUTAZIONE DEI DISTURBI MOTORI -SE
33;93.08.1;ELETTROMIOGRAFIA SEMPLICE [EMG] - A
33;93.08.5;RISPOSTE RIFLESSE   H
33;93.08.6;STIMOLAZIONE RIPETITIVA   Stimolazi
33;93.08.8;TEST DI ISCHEMIA PROLUNGATA - Inclu
33;93.09.1;VELOCITA  DI CONDUZIONE NERVOSA MOT
33;93.09.2;VELOCITA  DI CONDUZIONE NERVOSA SEN
33;93.11.7;RIEDUCAZIONE  DEI DISTURBI MOTORI-S
33;93.72.3;RIEDUCAZIONE DEI DISTURBI COMUNICAT
33;93.72.4;RIEDUCAZIONE DEI DISTURBI  COMUNICA
33;93.72.5;RIEDUCAZIONE  COMUNICATIVA IN GRUPP
33;93.72.6;RIEDUCAZIONE COGNITIVA IN GRUPPO (m
33;93.72.7;RIEDUCAZIONE NEUROPSICOMOTORIA DI G
33;93.72.8;RIEDUCAZIONE NEUROPSICOMOTORIA INDI
33;93.72.9;RIEDUCAZIONE COGNITIVA INDIVIDUALE
33;94.02.3;VALUTAZIONE DELLE FUNZIONI COGNITIV
33;94.08.7;VALUTAZIONE PSICO-DIAGNOSTICA      
33;94.09.1;COLLOQUIO PSICOLOGICO CLINICO CON A
33;94.09.2;COLLOQUIO CON GENITORI DI PAZIENTI 
33;94.09.4;COLLOQUIO CON GENITORI DI PAZIENTI 
33;94.12.1;VISITA PSICHIATRICA DI CONTROLLO - 
33;94.19.1;COLLOQUIO PSICHIATRICO
33;94.42.1;PSICOTERAPIA CONGIUNTA (MADRE-BAMBI
34;8.01;INCISIONE DEL MARGINE PALPEBRALE - 
34;8.02;APERTURA DI BLEFARORRAFIA -
34;8.09;ALTRA INCISIONE DELLA PALBEBRA - Ri
34;8.11;BIOPSIA DELLA PALPEBRA -
34;8.21;ASPORTAZIONE DI CALAZIO -
34;8.22;ASPORTAZIONE DI ALTRA LESIONE MINOR
34;8.23;ASPORTAZIONE DI LESIONE MAGGIORE DE
34;8.24;ASPORTAZIONE DI LESIONE MAGGIORE DE
34;8.25;DEMOLIZIONE DI LESIONE DELLA PALPEB
34;8.41;RIPARAZIONE DI ENTROPION O ECTROPIO
34;8.42;RIPARAZIONE DI ENTROPION O ECTROPIO
34;8.43;RIPARAZIONE DI ENTROPION O ECTROPIO
34;8.44;RIPARAZIONE DI ENTROPION O ECTROPIO
34;8.52;BLEFARORRAFIA - Cantorrafia
34;8.6;RICOSTRUZIONE DELLA PALPEBRA CON LE
34;8.72;RICOSTRUZIONE DELLA PALPEBRA NON A 
34;8.74;RICOSTRUZIONE DELLA PALPEBRA A TUTT
34;8.81;RIPARAZIONE LINEARE DI LACERAZIONE 
34;8.82;RIPARAZIONE DI LACERAZIONE DELLA PA
34;8.83;ALTRA RIPARAZIONE DI LACERAZIONE DE
34;8.84;RIPARAZIONE DI LACERAZIONE DELLA PA
34;8.91;DEPILAZIONE ELETTROCHIRURGICA DELLA
34;8.92;DEPILAZIONE CRIOCHIRURGICA DELLA PA
34;9;INCISIONE DELLA GHIANDOLA LACRIMALE
34;9.11;BIOPSIA DELLA GHIANDOLA LACRIMALE -
34;9.12;BIOPSIA DEL SACCO LACRIMALE -
34;9.19;ALTRE PROCEDURE DIAGNOSTICHE SULL A
34;9.21;ASPORTAZIONE DI LESIONE DELLA GHIAN
34;9.41;SPECILLAZIONE DEL PUNTO LACRIMALE -
34;9.42;SPECILLAZIONE DEI CANALICOLI LACRIM
34;9.43;SPECILLAZIONE DEL DOTTO NASO-LACRIM
34;9.51;INCISIONE DEL PUNTO LACRIMALE -
34;9.52;INCISIONE DEI CANALICOLI LACRIMALI 
34;9.53;INCISIONE DEL SACCO LACRIMALE -
34;9.59;ALTRA INCISIONE DELLE VIE LACRIMALI
34;9.6;ASPORTAZIONE DEL SACCO E DELLE VIE 
34;9.71;CORREZIONE DI EVERSIONE DEL PUNTO L
34;9.73;RIPARAZIONE DEI CANALICOLI -
34;10.21;BIOPSIA DELLA CONGIUNTIVA -
34;10.31;ASPORTAZIONE DI LESIONE O TESSUTO D
34;10.32;DEMOLIZIONE DI  LESIONE DELLA CONGI
34;10.33;ALTRI INTERVENTI DI DEMOLIZIONE DEL
34;10.4;CONGIUNTIVOPLASTICA -
34;10.6;RIPARAZIONE DI LACERAZIONE DELLA CO
34;10.91;INIEZIONE SOTTOCONGIUNTIVALE -
34;11.31;TRASPOSIZIONE DELLO PTERIGIUM -
34;11.32;ASPORTAZIONE DELLO PTERIGIUM CON IN
34;11.39;ALTRA ASPORTAZIONE DELLO PTERIGIUM 
34;11.42;TERMOCAUTERIZZAZIONE DI LESIONI DEL
34;11.43;CRIOTERAPIA DI LESIONE DELLA CORNEA
34;11.91;TATUAGGIO DELLA CORNEA -
34;12.14;IRIDECTOMIA - Iridectomia (basale) 
34;12.4;RIMOZIONE DI LESIONE DEL SEGMENTO A
34;12.41;DEMOLIZIONE DI LESIONE DELL  IRIDE
34;12.72;CICLOCRIOTERAPIA -
34;12.73;CICLOFOTOCOAGULAZIONE -
34;12.91;SVUOTAMENTO TERAPEUTICO DELLA CAMER
34;13.64;CAPSULOTOMIA YAG-LASER PER CATARATT
34;13.72;IMPIANTO SECONDARIO DI CRISTALLINO
34;13.8;RIMOZIONE DI CRISTALLINO ARTIFICIAL
34;14.22;DEMOLIZIONE DI LESIONE CORIORETINIC
34;14.31;RIPARAZIONE DI LACERAZIONE DELLA RE
34;14.32;RIPARAZIONE DI LACERAZIONE DELLA RE
34;14.33;RIPARAZIONE DI LACERAZIONE DELLA RE
34;14.34;RIPARAZIONE DI LACERAZIONE DELLA RE
34;14.75;INIEZIONE INTRAVITREALE DI SOSTANZE
34;16.22;AGOBIOPSIA ORBITARIA -
34;16.91;INIEZIONE RETROBULBARE DI SOSTANZE 
34;89.01;ANAMNESI E VALUTAZIONE DEFINITE BRE
34;89.7;VISITA GENERALE                    
34;93.02;VALUTAZIONE ORTOTTICA -
34;95.01;ESAME PARZIALE DELL OCCHIO - Esame 
34;95.02;ESAME COMPLESSIVO DELL OCCHIO - Vis
34;95.05;STUDIO DEL CAMPO VISIVO - Campimetr
34;95.06;STUDIO DELLA SENSIBILITA  AL COLORE
34;95.07;STUDIO DELL ADATTABILITA  AL BUIO -
34;95.11;FOTOGRAFIA DEL FUNDUS  - Per occhio
34;95.12;ANGIOGRAFIA CON FLUORESCEINA O ANGI
34;95.13;ECOGRAFIA OCULARE - Ecografia - Eco
34;95.15;STUDIO DELLA MOTILITA  OCULARE -
34;95.2;TEST FUNZIONALI OBIETTIVI DELL OCCH
34;95.21;ELETTRORETINOGRAFIA (ERG
34;95.22;ELETTROOCULOGRAFIA (EOG) -
34;95.23;POTENZIALI EVOCATI VISIVI  (VEP)   
34;95.25;ELETTROMIOGRAFIA DELL OCCHIO (EMG) 
34;95.26;TONOGRAFIA
34;95.35;TRAINING ORTOTTICO - Per seduta
34;96.51;IRRIGAZIONE DELL OCCHIO - Irrigazio
34;98.21;RIMOZIONE DI CORPO ESTRANEO SUPERFI
34;08.99.1;INFILTRAZIONE DI ANGIOMA PALPEBRALE
34;11.43.A;RIMOZIONE SUTURA CORNEALE (filza)
34;11.75.1;CHERATOTOMIA ARCIFORME -
34;11.99.1;APPLICAZIONE TERAPEUTICA DI LENTE A
34;11.99.2;CORREZIONE DEI VIZI DI REFRAZIONE -
34;11.99.3;CORREZIONE DI ALTERAZIONI CORNEALI 
34;11.99.4;CORREZIONE DEI VIZI DI REFRAZIONE -
34;13.19.1;INTERVENTO DI CATARATTA CON O SENZA
34;13.19.1;INTERVENTO DI CATARATTA CON O SENZA
34;13.70.1;INSERZIONE DI CRISTALLINO ARTIFICIA
34;14.29.1;RIPARAZIONE DI LESIONE DELLA RETINA
34;14.34.A;ARGON LASER  TRABECULOPLASTICA (ALT
34;14.59.1;PNEUMORETINOPESSIA -
34;14.75.1;INIEZIONE INTRAVITREALE DI SOSTANZE
34;95.03.1;STUDIO DELLA TOPOGRAFIA CORNEALE -
34;95.03.3;TOMOGRAFIA RETINICA (OCT)
34;95.05.A;MICROPERIMETRIA
34;95.07.1;STUDIO DELLA SENSIBILITA  AL CONTRA
34;95.09.1;ESAME DEL FUNDUS OCULI  -
34;95.09.2;ESOFTALMOMETRIA -
34;95.09.3;CHERATOESTESIOMETRIA -
34;95.09.4;STUDIO STRUMENTALE DELLA CONFORMAZI
34;95.11.1;FOTOGRAFIA DEL SEGMENTO ANTERIORE -
34;95.12.1;ANGIOGRAFIA OCULISTICA CON VERDE IN
34;95.13.1;PACHIMETRIA CORNEALE -
34;95.13.2;BIOMICROSCOPIA CORNEALE - Con conta
34;95.23.1;INTERFEROMETRIA -
35;22.71;CHIUSURA DI FISTOLA OROANTRALE - Ch
35;23.01;ESTRAZIONE DI DENTE DECIDUO - Inclu
35;23.09;ESTRAZIONE DI DENTE PERMANENTE - Es
35;23.11;ESTRAZIONE DI RADICE RESIDUA - Incl
35;23.19;ALTRA ESTRAZIONE CHIRURGICA DI DENT
35;23.3;RICOSTRUZIONE DI DENTE MEDIANTE INT
35;23.41;APPLICAZIONE DI CORONA - Trattament
35;23.42;INSERZIONE DI PONTE FISSO - Trattam
35;23.5;IMPIANTO DI DENTE - Reimpianto di e
35;23.6;IMPIANTO DI PROTESI DENTARIA - Impi
35;23.73;APICECTOMIA - Incluso: Otturazione 
35;24.11;BIOPSIA DELLA GENGIVA -
35;24.12;BIOPSIA DELL ALVEOLO -
35;24.31;ASPORTAZIONE DI LESIONE O TESSUTO D
35;24.4;ASPORTAZIONE DI LESIONE DENTARIA DE
35;25.01;BIOPSIA [AGOBIOPSIA] DELLA LINGUA
35;25.91;FRENULOTOMIA LINGUALE - Escluso: Fr
35;25.92;FRENULECTOMIA LINGUALE - Escluso: F
35;26;INCISIONE DELLE GHIANDOLE O DOTTI S
35;26.11;BIOPSIA [AGOBIOPSIA] DI GHIANDOLA O
35;26.91;SPECILLAZIONE DI DOTTO SALIVARE -
35;27.21;BIOPSIA DEL PALATO OSSEO -
35;27.23;BIOPSIA DEL LABBRO -
35;27.24;BIOPSIA DELLA BOCCA
35;27.41;FRENULECTOMIA LABIALE - Escluso: Se
35;27.51;SUTURA DI LACERAZIONE DEL LABBRO -
35;27.52;SUTURA DI LACERAZIONE DI ALTRA PART
35;27.91;FRENULOTOMIA LABIALE - Sezione del 
35;76.01;SEQUESTRECTOMIA DI OSSO FACCIALE - 
35;76.2;ASPORTAZIONE O DEMOLIZIONE LOCALE D
35;76.77;RIDUZIONE APERTA DI FRATTURA ALVEOL
35;89.01;ANAMNESI E VALUTAZIONE DEFINITE BRE
35;89.7;VISITA GENERALE                    
35;97.35;RIMOZIONE DI PROTESI DENTALE - Rimo
35;98.01;RIMOZIONE DI CORPO ESTRANEO INTRALU
35;23.20.1;RICOSTRUZIONE DI DENTE MEDIANTE OTT
35;23.20.2;RICOSTRUZIONE DI DENTE MEDIANTE OTT
35;23.41.1;APPLICAZIONE DI CORONA IN LEGA AURE
35;23.41.2;ALTRA APPLICAZIONE DI CORONA - Trat
35;23.41.3;APPLICAZIONE DI CORONA E PERNO - Tr
35;23.41.4;ALTRA APPLICAZIONE DI CORONA E PERN
35;23.43.1;INSERZIONE DI PROTESI RIMOVIBILE - 
35;23.43.2;ALTRA INSERZIONE DI PROTESI RIMOVIB
35;23.43.3;INSERZIONE DI PROTESI PROVVISORIA  
35;23.49.1;ALTRA RIPARAZIONE DENTARIA - Molagg
35;23.71.1;TERAPIA CANALARE IN DENTE MONORADIC
35;23.71.2;TERAPIA CANALARE IN DENTE PLURIRADI
35;24.00.1;GENGIVECTOMIA - (Per gruppo di 4 de
35;24.20.1;GENGIVOPLASTICA [CHIRURGIA PARODONT
35;24.39.1;LEVIGATURA DELLE RADICI  - Levigatu
35;24.39.2;INTERVENTO CHIRURGICO PREPROTESICO 
35;24.70.1;TRATTAMENTO ORTODONTICO CON APPAREC
35;24.70.2;TRATTAMENTO ORTODONTICO CON APPAREC
35;24.70.3;TRATTAMENTO ORTODONTICO CON APPAREC
35;24.80.1;RIPARAZIONE DI APPARECCHIO ORTODONT
35;27.49.1;ALTRA ASPORTAZIONE DI LESIONE DELLA
35;96.54.1;ABLAZIONE TARTARO  -
35;96.54.2;SIGILLATURA DEI SOLCHI E DELLE FOSS
35;96.54.3;CURA STOMATITE
35;99.97.1;SPLINTAGGIO PER GRUPPO DI QUATTRO D
35;99.97.2;TRATTAMENTI PER APPLICAZIONE DI PRO
36;4.43;LIBERAZIONE DEL TUNNEL CARPALE comp
36;4.44;LIBERAZIONE DEL TUNNEL TARSALE (Vis
36;76.93;RIDUZIONE CHIUSA DI LUSSAZIONE TEMP
36;76.96;INIEZIONE DI SOSTANZA TERAPEUTICA N
36;77.56;RIPARAZIONE DI DITO A MARTELLO/ARTI
36;78.7;OSTEOCLASIA - Manuale o strumentale
36;79;RIDUZIONE CHIUSA DI FRATTURA SENZA 
36;79.01;RIDUZIONE CHIUSA DI FRATTURA DELL O
36;79.02;RIDUZIONE CHIUSA DI FRATTURA DI RAD
36;79.03;RIDUZIONE CHIUSA DI FRATTURA DI CAR
36;79.04;RIDUZIONE CHIUSA DI FRATTURA DELLE 
36;79.07;RIDUZIONE CHIUSA DI FRATTURA DI TAR
36;79.08;RIDUZIONE CHIUSA DI FRATTURA DELLE 
36;79.7;RIDUZIONE CHIUSA DI LUSSAZIONE IN S
36;79.71;RIDUZIONE CHIUSA DI LUSSAZIONE DELL
36;79.72;RIDUZIONE CHIUSA DI LUSSAZIONE DEL 
36;79.73;RIDUZIONE CHIUSA DI LUSSAZIONE DEL 
36;79.74;RIDUZIONE CHIUSA DI LUSSAZIONE DELL
36;80.2;ARTROSCOPIA SEDE NON SPECIFICATA (V
36;80.3;BIOPSIA DELLE STRUTTURE ARTICOLARI
36;81.91;ARTROCENTESI - Aspirazione articola
36;81.92;INIEZIONE DI SOSTANZE TERAPEUTICHE 
36;83.02;MIOTOMIA - Escluso: Miotomia cricof
36;83.03;BORSOTOMIA - Rimozione di deposito 
36;89.01;ANAMNESI E VALUTAZIONE DEFINITE BRE
36;89.7;VISITA GENERALE                    
36;93.15;MOBILIZZAZIONE DELLA COLONNA VERTEB
36;93.29;ALTRE CORREZIONI FORZATE DI DEFORMI
36;93.46;ALTRE TRAZIONI CUTANEE DEGLI ARTI -
36;93.51;APPLICAZIONE DI CORSETTO GESSATO - 
36;93.52;APPLICAZIONE DI SUPPORTO PER IL COL
36;93.53;APPLICAZIONE DI ALTRO CORSETTO GESS
36;97.1;SOSTITUZIONE NON OPERATORIA DI SUSS
36;97.88;RIMOZIONE DI DISPOSITIVO ESTERNO DI
36;04.07.1;RESEZIONE O ASPORTAZIONE DEI NERVI 
36;88.79.2;STUDIO ECOGRAFICO DEL BACINO - Ecog
36;88.79.3;ECOGRAFIA MUSCOLOTENDINEA E/O ARTIC
36;93.54.1;BENDAGGIO CON DOCCIA DI IMMOBILIZZA
36;93.54.2;BENDAGGIO DESAULT AMIDATO O GESSATO
36;93.54.3;APPARECCHIO GESSATO: TORACO-BRACHIA
36;93.54.4;APPARECCHIO GESSATO: OMERO-MANO
36;93.54.5;APPARECCHIO GESSATO: AVAMBRACCIO-MA
36;93.54.6;APPARECCHIO GESSATO: GINOCCHIO -
36;93.54.7;APPARECCHIO GESSATO: POLSO
36;93.54.8;DOCCIA GESSATA DI DITO DELLA MANO O
36;93.56.1;FASCIATURA SEMPLICE -
36;93.56.2;BENDAGGIO ALLA COLLA DI ZINCO DI CO
36;93.56.3;BENDAGGIO ALLA COLLA DI ZINCO DI GA
36;93.56.4;BENDAGGIO ADESIVO ELASTICO
36;93.56.5;BENDAGGIO A 8 PER CLAVICOLA -
36;93.56.6;MEDICAZIONE DI SHANZ -
36;93.56.7;ALTRO BENDAGGIO  - Desault
36;99.29.6;INIEZIONE MODIFICATRICE IN ASCESSO 
37;65.11;AGOASPIRAZIONE ECO-GUIDATA DEI FOLL
37;65.91;AGOASPIRAZIONE DI CISTI DELL  OVAIO
37;66.8;INSUFFLAZIONE DELLE TUBE - Insuffla
37;67.12;BIOPSIA ENDOCERVICALE [ISTEROSCOPIA
37;67.32;CAUTERIZZAZIONE DEL COLLO UTERINO -
37;67.33;CRIOCHIRURGIA DEL COLLO UTERINO - C
37;69.1;ASPORTAZIONE O DEMOLIZIONE LOCALE D
37;69.7;INSERZIONE DI DISPOSITIVO CONTRACCE
37;69.92;INSEMINAZIONE ARTIFICIALE - Intrace
37;70.21;COLPOSCOPIA
37;70.24;BIOPSIA DELLE PARETI VAGINALI - Con
37;71.11;BIOPSIA DELLA VULVA O DELLA CUTE PE
37;71.22;INCISIONE DI ASCESSO DELLA GHIANDOL
37;75.8;TAMPONAMENTO OSTETRICO DELL  UTERO 
37;88.78;ECOGRAFIA OSTETRICA -
37;89.01;ANAMNESI E VALUTAZIONE DEFINITE BRE
37;89.26;VISITA GINECOLOGICA - Visita  ostet
37;89.7;VISITA GENERALE                    
37;93.37;TRAINING  PRENATALE                
37;96.17;INSERZIONE DI DIAFRAMMA VAGINALE -
37;96.18;INSERZIONE DI ALTRO PESSARIO VAGINA
37;97.71;RIMOZIONE DI DISPOSITIVO CONTRACCET
37;98.16;RIMOZIONE DI CORPO ESTRANEO INTRALU
37;98.17;RIMOZIONE DI CORPO ESTRANEO INTRALU
37;98.23;RIMOZIONE DI CORPO ESTRANEO DALLA V
37;65.11.1;Agoaspirazione ecoguidata dei folli
37;67.19.1;BIOPSIA MIRATA DELLA PORTIO A GUIDA
37;68.12.1;ISTEROSCOPIA - Escluso: Biopsia con
37;68.16.1;BIOPSIA DEL CORPO UTERINO - Biopsia
37;68.29.1;ASPORTAZIONE DI TUMORI BENIGNI PEDU
37;69.92.1;CAPACITAZIONE DEL MATERIALE SEMINAL
37;69.92.2;Monitoraggio ormonale dellÂ¿ovulazi
37;69.92.3;FECONDAZIONE IN VITRO con o senza i
37;69.92.4;PREPARAZIONE  e VALUTAZIONE DEGLI S
37;69.92.5;PREPARAZIONE VALUTAZIONE DEGLI SPER
37;69.92.6;TRASFERIMENTO EMBRIONI (ET) inclusa
37;69.92.7;CRIOCONSERVAZIONE SPERMATOZOI
37;69.92.8;CRIOCONSERVAZIONE OOCITI o TESSUTO 
37;70.11.1;IMENOTOMIA - Per ematocolpo
37;70.29.1;BIOPSIA DELLE PARETI VAGINALI A GUI
37;70.33.1;ASPORTAZIONE DI CONDILOMI VAGINALI 
37;71.30.1;ASPORTAZIONE CONDILOMI VULVARI E  P
37;71.90.1;ALTRI INTERVENTI SULL  APPARATO GEN
37;75.10.1;PRELIEVO DEI VILLI CORIALI -
37;75.10.2;AMNIOCENTESI PRECOCE -
37;75.10.3;AMNIOCENTESI TARDIVA -
37;75.33.1;FUNICOLOCENTESI CON RACCOLTA DI CEL
37;75.34.1;CARDIOTOCOGRAFIA - Cardiotocografia
37;88.72.5;ECOCARDIOGRAMMA FETALE -
37;88.75.2;ECO(COLOR)DOPPLER DELL ADDOME INFER
37;88.78.1;ECOGRAFIA OVARICA - Per monitoraggi
37;88.78.2;ECOGRAFIA GINECOLOGICA -
37;88.78.3;ECOGRAFIA OSTETRICA - morfologia fe
37;88.78.A;MISURA DELLA TRANSLUCENZA NUCALE
37;89.01.1;Valutazione e certificazione period
37;93.03.3;VALUTAZIONE ALLATTAMENTO
37;93.35.1;AGOPUNTURA CON MOXA  REVULSIVANTE  
37;93.37.1;TRAINING POSTNATALE
38;18.02;INCISIONE DEL CANALE UDITIVO ESTERN
38;18.12;BIOPSIA DELL ORECCHIO ESTERNO -
38;18.29;ASPORTAZIONE O DEMOLIZIONE DI ALTRA
38;20;MIRINGOTOMIA -
38;20.31;ELETTROCOCLEOGRAFIA -
38;20.8;INTERVENTI SULLA TUBA DI EUSTACHIO 
38;21.01;CONTROLLO DI EPISTASSI MEDIANTE TAM
38;21.02;CONTROLLO DI EPISTASSI MEDIANTE TAM
38;21.03;CONTROLLO DI EPISTASSI MEDIANTE CAU
38;21.22;BIOPSIA DEL NASO -
38;21.31;ASPORTAZIONE O DEMOLIZIONE LOCALE D
38;21.71;RIDUZIONE CHIUSA DI FRATTURA NASALE
38;21.91;LISI DI ADERENZE DEL NASO - Sinechi
38;22.01;PUNTURA DEI SENI NASALI PER ASPIRAZ
38;27.71;INCISIONE DELL  UGOLA -
38;29.12;BIOPSIA FARINGEA -
38;31.42;LARINGOSCOPIA E ALTRA TRACHEOSCOPIA
38;31.43;BIOPSIA [ENDOSCOPICA] DELLA LARINGE
38;89.01;ANAMNESI E VALUTAZIONE DEFINITE BRE
38;89.11;TONOMETRIA -
38;89.12;STUDIO DELLA FUNZIONE NASALE - Rino
38;89.7;VISITA GENERALE                    
38;93.94;MEDICAMENTO RESPIRATORIO SOMMINISTR
38;95.42;IMPEDENZOMETRIA -
38;95.43;VALUTAZIONE AUDIOLOGICA - Valutazio
38;95.45;STIMOLAZIONI VESTIBOLARI ROTATORIE 
38;95.46;ALTRI TEST AUDIOMETRICI O DELLA FUN
38;95.47;ESAME DELL  UDITO NAS -
38;95.49;ADATTAMENTO IMPIANTI COCLEARI -
38;96.52;IRRIGAZIONE DELL ORECCHIO - Irrigaz
38;98.11;RIMOZIONE DI CORPO ESTRANEO INTRALU
38;98.12;RIMOZIONE DI CORPO ESTRANEO INTRALU
38;98.13;RIMOZIONE DI CORPO ESTRANEO INTRALU
38;98.14;RIMOZIONE DI CORPO ESTRANEO INTRALU
38;20.32.1;BIOPSIA DELL ORECCHIO MEDIO -
38;20.39.1;OTOEMISSIONI ACUSTICHE  SOAE
38;28.00.1;INCISIONE E DRENAGGIO ASCESSO PERIT
38;31.42.1;LARINGOSCOPIA INDIRETTA - Incluso: 
38;31.42.2;LARINGOSTROBOSCOPIA -
38;31.48.1;ESAME ELETTROGLOTTOGRAFICO -
38;31.48.2;ESAME FONETOGRAFICO -
38;89.39.4;GUSTOMETRIA -
38;89.39.5;ELETTROGUSTOMETRIA -
38;93.89.1;TRAINING CONDIZIONAMENTO AUDIOMETRI
38;95.24.1;STUDIO DEL NISTAGMO REGISTRATO SPON
38;95.24.2;STUDIO DEL NISTAGMO REGISTRATO PROV
38;95.41.1;ESAME AUDIOMETRICO TONALE -
38;95.41.2;ESAME AUDIOMETRICO VOCALE -
38;95.41.3;AUDIOMETRIA AUTOMATICA -
38;95.41.4;ESAME AUDIOMETRICO CONDIZIONATO INF
38;95.44.1;TEST CLINICO DELLA FUNZIONALITA  VE
38;95.44.2;ESAME CLINICO DELLA FUNZIONALITA  V
38;95.48.1;MESSA A PUNTO DI MEZZI PER L UDITO 
38;95.48.2;CONTROLLO PROTESICO ELETTROACUSTICO
38;95.48.3;MISURE PROTESICHE IN SITU -
38;95.48.4;TEST DI STIMOLAZIONE ELETTRICA AL P
39;89.01;ANAMNESI E VALUTAZIONE DEFINITE BRE
39;89.7;VISITA GENERALE                    
40;89.01;ANAMNESI E VALUTAZIONE DEFINITE BRE
40;89.7;VISITA GENERALE                    
40;94.09;COLLOQUIO PSICOLOGICO CLINICO
40;94.3;PSICOTERAPIA INDIVIDUALE
40;94.42;PSICOTERAPIA FAMILIARE - Per seduta
40;94.44;PSICOTERAPIA DI GRUPPO - Per seduta
40;94.01.1;SOMMINISTRAZIONE DI TEST DI INTELLI
40;94.01.2;SOMMINISTRAZIONE DI TEST DI DETERIO
40;94.02.1;SOMMINISTRAZIONE DI TEST DELLA MEMO
40;94.02.2;TEST DELLA SCALA DI MEMORIA DI WECH
40;94.08.1;SOMMINISTRAZIONE DI TEST DELLE FUNZ
40;94.08.2;SOMMINISTRAZIONE DI TEST DELLE  ABI
40;94.08.3;SOMMINISTRAZIONE DI TEST PROIETTIVI
40;94.08.5;TEST DI VALUTAZIONE DELLA DISABILIT
40;94.08.6;TEST DI VALUTAZIONE DEL CARICO FAMI
40;94.12.1;VISITA PSICHIATRICA DI CONTROLLO - 
40;94.19.1;COLLOQUIO PSICHIATRICO
43;55.92;ASPIRAZIONE PERCUTANEA RENALE - Pun
43;56.31;URETEROSCOPIA - Con strumento fless
43;57.17;CISTOSTOMIA PERCUTANEA - Escluso: R
43;57.32;CISTOSCOPIA [TRANSURETRALE] - Esclu
43;57.33;CISTOSCOPIA [TRANSURETRALE] CON BIO
43;57.94;CATETERISMO VESCICALE
43;58.22;URETROSCOPIA -
43;58.23;BIOPSIA DELL  URETRA -
43;58.31;ASPORTAZIONE O  ELETTROCOAGULAZIONE
43;58.47;MEATOPLASTICA URETRALE -
43;58.5;URETROTOMIA ENDOSCOPICA - Sezione d
43;59.8;CATETERIZZAZIONE URETERALE - Drenag
43;60;DRENAGGIO ASCESSO PROSTATICO - Inci
43;60.11;BIOPSIA TRANSPERINEALE [PERCUTANEA]
43;60.13;BIOPSIA [PERCUTANEA] DELLE VESCICOL
43;60.91;ASPIRAZIONE PERCUTANEA [CITOASPIRAZ
43;61;INCISIONE E DRENAGGIO DELLO SCROTO 
43;61.91;PUNTURA EVACUATIVA DI IDROCELE DELL
43;62.11;BIOPSIA [PERCUTANEA] [AGOBIOPSIA] D
43;63.52;DEROTAZIONE DEL FUNICOLO E DEL TEST
43;63.71;LEGATURA DEI DOTTI DEFERENTI  -
43;64.01;CIRCONCISIONE
43;64.11;BIOPSIA DEL PENE -
43;64.93;LIBERAZIONE DI SINECHIE PENIENE -
43;89.01;ANAMNESI E VALUTAZIONE DEFINITE BRE
43;89.22;CISTOMETROGRAFIA - Cistomanometria
43;89.23;ELETTROMIOGRAFIA DELLO SFINTERE URE
43;89.24;UROFLUSSOMETRIA -
43;89.25;PROFILO PRESSORIO URETRALE -
43;89.7;VISITA GENERALE                    
43;96.49;INSTILLAZIONE GENITOURINARIA - Inst
43;98.19;RIMOZIONE DI CORPO ESTRANEO INTRALU
43;98.24;RIMOZIONE DI CORPO ESTRANEO DA SCRO
43;99.94;MASSAGGIO PROSTATICO -
43;99.95;STIRAMENTO DEL PREPUZIO -
43;57.39.1;CROMOCISTOSCOPIA -
43;57.39.2;ESAME URODINAMICO INVASIVO -
43;57.49.1;RESEZIONE TRANSURETRALE DI LESIONE 
43;58.60.1;DILATAZIONE URETRALE - Dilatazione 
43;58.60.2;DILATAZIONI URETRALI PROGRESSIVE - 
43;58.60.3;RIMOZIONE [ENDOSCOPICA] DI CALCOLO 
43;60.11.1;BIOPSIA TRANSPERINEALE [PERCUTANEA]
43;62.11.1;Agoaspirazione testicolare (TESA)
43;64.19.1;BALANOSCOPIA -
43;64.92.1;FRENULOTOMIA -
43;88.74.5;ECO(COLOR)DOPPLER  DELLE ARTERIE RE
43;88.75.2;ECO(COLOR)DOPPLER DELL ADDOME INFER
43;88.79.8;ECOGRAFIA TRANSRETTALE
43;93.08.4;ELETTROMIOGRAFIA DI MUSCOLI SPECIAL
43;98.51.1;LITOTRIPSIA EXTRACORPOREA DEL RENE
43;98.51.2;LITOTRIPSIA EXTRACORPOREA DEL RENE
43;98.51.3;LITOTRIPSIA EXTRACORPOREA DEL RENE
43;99.29.3;INFILTRAZIONE PERINEALE -
43;99.29.4;INFILTRAZIONE MEDICAMENTOSA DEL PEN
43;99.29.5;INIEZIONE ENDOCAVERNOSA DI FARMACI 
43;99.29.8;INIEZIONE INTRA O PERIURETRALE -
52;64.2;ASPORTAZIONE O DEMOLIZIONE DI LESIO
52;86.11;BIOPSIA DELLA CUTE E DEL TESSUTO SO
52;86.24;CHEMIOCHIRURGIA DELLA CUTE - Peelin
52;86.25;DERMOABRASIONE - Quella con laser (
52;89.01;ANAMNESI E VALUTAZIONE DEFINITE BRE
52;89.7;VISITA GENERALE                    
52;99.82;TERAPIA A LUCE ULTRAVIOLETTA   Atti
52;64.19.2;RICERCA DEL TREPONEMA AL PARABOLOID
52;70.33.1;ASPORTAZIONE DI CONDILOMI VAGINALI 
52;71.30.1;ASPORTAZIONE CONDILOMI VULVARI E  P
52;71.90.1;ALTRI INTERVENTI SULL  APPARATO GEN
52;86.19.1;ELASTOMETRIA -
52;86.19.2;SEBOMETRIA -
52;86.19.3;CORNEOMETRIA -
52;86.19.4;MISURA DELLA PERDITA TRANSEPIDERMIC
52;86.30.0;ASPORTAZIONE O DEMOLIZIONE LOCALE C
52;86.30.1;ASPORTAZIONE O DEMOLIZIONE LOCALE D
52;86.30.2;ASPORTAZIONE O DEMOLIZIONE LOCALE D
52;86.30.3;ASPORTAZIONE O DEMOLIZIONE LOCALE D
52;89.39.1;OSSERVAZIONE DERMATOLOGICA IN EPILU
52;89.39.2;OSSERVAZIONE DERMATOLOGICA IN EPIDI
52;89.39.3;VALUTAZIONE DELLA SOGLIA DI SENSIBI
52;91.90.1;ESAME ALLERGOLOGICO STRUMENTALE PER
52;91.90.2;INDAGINI FOTOBIOLOGICHE PER FOTODER
52;91.90.3;INDAGINI FOTOBIOLOGICHE PER FOTODER
52;91.90.4;SCREENING ALLERGOLOGICO PER INALANT
52;91.90.5;TEST EPICUTANEI A LETTURA RITARDATA
52;91.90.6;TEST PERCUTANEI E INTRACUTANEI A LE
56;81.92;INIEZIONE DI SOSTANZE TERAPEUTICHE 
56;89.01;ANAMNESI E VALUTAZIONE DEFINITE BRE
56;89.7;VISITA GENERALE                    
56;93.03;VALUTAZIONE PROTESICA
56;93.15;MOBILIZZAZIONE DELLA COLONNA VERTEB
56;93.4;ELETTROTERAPIA DISTRETTUALE DI MUSC
56;95.23;POTENZIALI EVOCATI VISIVI  (VEP)   
56;89.15.1;POTENZIALI EVOCATI ACUSTICI
56;89.15.2;POTENZIALI EVOCATI STIMOLO ED EVENT
56;89.15.3;POTENZIALI EVOCATI MOTORI  Arto sup
56;89.15.4;POTENZIALI EVOCATI SOMATO-SENSORIAL
56;89.44.2;TEST DEL CAMMINO -
56;89.65.5;MONITORAGGIO INCRUENTO DELLA SATURA
56;89.7.1;VALUTAZIONE CLINICA
56;93.01.5;VALUTAZIONE DELLE FUNZIONI CORTICAL
56;93.01.6;VALUTAZIONE DELLE FUNZIONI CORTICAL
56;93.01.7;COUNSELLING
56;93.01.8;COUNSELLING
56;93.01.9;COUNSELLING  LOGOPEDICO
56;93.04.3;VALUTAZIONE DEI DISTURBI MOTORI SEN
56;93.04.4;VALUTAZIONE DEI DISTURBI MOTORI -SE
56;93.05.6;VALUTAZIONE STRUMENTALE DEI DISTURB
56;93.05.7;VALUTAZIONE STRUMENTALE DEI DISTURB
56;93.05.8;VALUTAZIONE DEI DISTURBI COMUNICATI
56;93.05.9;VALUTAZIONE DEI DISTURBI COMUNICATI
56;93.08.1;ELETTROMIOGRAFIA SEMPLICE [EMG] - A
56;93.08.5;RISPOSTE RIFLESSE   H
56;93.08.6;STIMOLAZIONE RIPETITIVA   Stimolazi
56;93.09.1;VELOCITA  DI CONDUZIONE NERVOSA MOT
56;93.09.2;VELOCITA  DI CONDUZIONE NERVOSA SEN
56;93.11.6;RIEDUCAZIONE DEI DISTURBI MOTORI-SE
56;93.11.7;RIEDUCAZIONE  DEI DISTURBI MOTORI-S
56;93.11.8;RIEDUCAZIONE  STRUMENTALE DEI DISTU
56;93.11.9;RIEDUCAZIONE  IN GRUPPO (max 5 pazi
56;93.39.3;TRATTAMENTO MANUALE PER DRENAGGIO L
56;93.39.4;ELETTROTERAPIA ANTALGICA Diedinamic
56;93.39.5;ELETTROTERAPIA ANTALGICA  - Elettro
56;93.39.8;MAGNETOTERAPIA  Per seduta
56;93.39.9;ULTRASONOTERAPIA    Per seduta
56;93.56.4;BENDAGGIO ADESIVO ELASTICO
56;93.56.8;BENDAGGIO FUNZIONALE
56;93.72.3;RIEDUCAZIONE DEI DISTURBI COMUNICAT
56;93.72.4;RIEDUCAZIONE DEI DISTURBI  COMUNICA
56;93.72.5;RIEDUCAZIONE  COMUNICATIVA IN GRUPP
56;93.72.6;RIEDUCAZIONE COGNITIVA IN GRUPPO (m
56;93.89.4;RIEDUCAZIONE DELLE FUNZIONI CORTICA
56;93.89.5;RIEDUCAZIONE DELLE FUNZIONI CORTICA
56;99.29.7;MESOTERAPIA -
56;99.99.1;LASER TERAPIA ANTALGICA            
58;42.24;BIOPSIA [ENDOSCOPICA] DELL  ESOFAGO
58;45.13;ESOFAGOGASTRODUODENOSCOPIA [EGD]
58;45.17;POSIZIONAMENTO DI STOMIA ENDOSCOPIC
58;45.23;COLONSCOPIA CON ENDOSCOPIO FLESSIBI
58;45.24;SIGMOIDOSCOPIA CON ENDOSCOPIO FLESS
58;45.25;Biopsia [endoscopica] di retto
58;45.42;Polipectomia endoscopica intestino 
58;48.23;PROCTOSIGMOIDOSCOPIA CON ENDOSCOPIO
58;48.24;BIOPSIA [ENDOSCOPICA] DEL RETTO - B
58;48.35;Asportazione locale di lesione o te
58;49.21;ANOSCOPIA -
58;89.01;ANAMNESI E VALUTAZIONE DEFINITE BRE
58;89.32;MANOMETRIA ESOFAGEA -
58;89.7;VISITA GENERALE                    
58;98.02;RIMOZIONE DI CORPO ESTRANEO INTRALU
58;98.03;RIMOZIONE DI CORPO ESTRANEO INTRALU
58;98.05;RIMOZIONE DI CORPO ESTRANEO INTRALU
58;42.29.2;pH METRIA ESOFAGEA (24 ORE) -
58;42.33.1;Asportazione  di lesione o tessuto 
58;42.33.2;ASPORTAZIONE  DI LESIONE O TESSUTO 
58;43.41.1;Asportazione o demolizione locale d
58;43.41.2;Asportazione o demolizione locale d
58;44.19.2;BREATH TEST PER HELYCOBACTER PYLORI
58;45.13.1;ENDOSCOPIA CON MICROCAMERA
58;45.23.1;COLONSCOPIA - ILEOSCOPIA RETROGRADA
58;45.29.1;BREATH TEST PER DETERMINAZIONE TEMP
58;45.29.2;BREATH TEST PER DETERMINAZIONE DI C
58;45.29.3;BREATH TEST AL LATTOSIO -
58;45.29.4;MANOMETRIA DEL COLON -
58;45.43.1;ASPORTAZIONE O DEMOLIZIONE LOCALE D
58;48.29.1;MANOMETRIA ANO-RETTALE -
58;88.74.1;ECOGRAFIA DELL ADDOME  SUPERIORE In
58;88.76.1;ECOGRAFIA ADDOME COMPLETO
58;89.32.1;Manometria ad alta risoluzione
61;57.94;CATETERISMO VESCICALE
61;89.01;ANAMNESI E VALUTAZIONE DEFINITE BRE
61;89.03;ANAMNESI E VALUTAZIONE DEFINITE COM
61;89.7;VISITA GENERALE                    
61;92.13;SCINTIGRAFIA DELLE PARATIROIDI Con 
61;06.11.2;BIOPSIA [PERCUTANEA] [AGOBIOPSIA] D
61;88.71.4;DIAGNOSTICA ECOGRAFICA DEL CAPO E D
61;88.99.1;DENSITOMETRIA OSSEA CON TECNICA DI 
61;88.99.2;DENSITOMETRIA OSSEA CON TECNICA DI 
61;88.99.3;DENSITOMETRIA OSSEA CON TECNICA DI 
61;92.01.1;CAPTAZIONE TIROIDEA
61;92.01.2;SCINTIGRAFIA TIROIDEA CON CAPTAZION
61;92.01.3;SCINTIGRAFIA TIROIDEA
61;92.01.4;SCINTIGRAFIA TIROIDEA CON INDICATOR
61;92.01.5;SCINTIGRAFIA SEGMENTARIA CORPOREA P
61;92.02.1;SCINTIGRAFIA EPATICA (3 proiezioni)
61;92.02.2;SCINTIGRAFIA EPATICA PER RICERCA DI
61;92.02.3;SCINTIGRAFIA SEQUENZIALE EPATOBILIA
61;92.02.4;SCINTIGRAFIA EPATICA CON INDICATORI
61;92.02.5;TOMOSCINTIGRAFIA EPATICA In corso d
61;92.03.1;SCINTIGRAFIA RENALE In caso di cont
61;92.03.2;SCINTIGRAFIA RENALE CON ANGIOSCINTI
61;92.03.3;SCINTIGRAFIA SEQUENZIALE RENALE Stu
61;92.03.4;STUDIO DEL REFLUSSO VESCICO-URETRAL
61;92.03.5;TOMOSCINTIGRAFIA RENALE In corso di
61;92.03.6;MISURA DELLA CLEARANCE GLOMERULARE 
61;92.03.7;RICERCA DI REFLUSSO VESCICO-URETERA
61;92.04.1;SCINTIGRAFIA SEQUENZIALE DELLE GHIA
61;92.04.2;STUDIO DEL TRANSITO ESOFAGO-GASTRO-
61;92.04.3;STUDIO DEL REFLUSSO GASTRO-ESOFAGEO
61;92.04.4;VALUTAZIONE DELLE GASTROENTERORRAGI
61;92.04.5;STUDIO DELLA PERMEABILITA  INTESTIN
61;92.05.1;SCINTIGRAFIA MIOCARDICA DI PERFUSIO
61;92.05.2;SCINTIGRAFIA MIOCARDICA CON INDICAT
61;92.05.3;ANGIOCARDIOSCINTIGRAFIA DI PRIMO PA
61;92.05.4;
61;92.05.5;SCINTIGRAFIA SPLENICA
61;92.05.6;SCINTIGRAFIA DEL MIDOLLO OSSEO TOTA
61;92.05.7;SCINTIGRAFIA DEL MIOCARDIO
61;92.05.8;TOMOSCINTIGRAFIA (SPET) DEL MIOCARD
61;92.09.1;TOMOSCINTIGRAFIA MIOCARDICA (PET) D
61;92.09.2;TOMOSCINTIGRAFIA MIOCARDICA (SPET) 
61;92.09.3;TOMOSCINTIGRAFIA MIOCARDICA CON IND
61;92.09.4;DETERMINAZIONE DEL VOLUME PLASMATIC
61;92.09.5;STUDIO DI SOPRAVVIVENZA DEGLI ERITR
61;92.09.6;STUDIO COMPLETO DELLA FERROCINETICA
61;92.09.7;STUDIO DELLA CINETICA DELLE PIASTRI
61;92.09.8;TEST DI SHILLING
61;92.09.9;GSPECT
61;92.11.1;SCINTIGRAFIA CEREBRALE
61;92.11.2;SCINTIGRAFIA CEREBRALE CON ANGIOSCI
61;92.11.3;VALUTAZIONE DELLE DERIVAZIONI LIQUO
61;92.11.4;DETERMINAZIONE E LOCALIZZAZIONE PER
61;92.11.5;TOMOSCINTIGRAFIA  CEREBRALE (SPET)
61;92.11.6;TOMOSCINTIGRAFIA CEREBRALE (PET)   
61;92.11.7;TOMOSCINTIGRAFIA CEREBRALE (PET)   
61;92.14.1;SCINTIGRAFIA OSSEA O ARTICOLARE SEG
61;92.14.2;SCINTIGRAFIA OSSEA O ARTICOLARE SEG
61;92.14.3;TOMOSCINTIGRAFIA (SPET) SCHELETRICA
61;92.15.1;SCINTIGRAFIA POLMONARE PERFUSIONALE
61;92.15.2;SCINTIGRAFIA POLMONARE VENTILATORIA
61;92.15.3;STUDIO QUANTITATIVO DIFFERENZIALE D
61;92.15.4;SCINTIGRAFIA POLMONARE CON INDICATO
61;92.15.5;TOMOSCINTIGRAFIA POLMONARE In corso
61;92.16.1;SCINTIGRAFIA LINFATICA E LINFOGHIAN
61;92.18.1;SCINTIGRAFIA GLOBALE CORPOREA CON I
61;92.18.2;SCINTIGRAFIA OSSEA O  ARTICOLARE
61;92.18.3;RICERCA DI METASTASI DI TUMORI TIRO
61;92.18.4;SCINTIGRAFIA GLOBALE CORPOREA CON C
61;92.18.5;SCINTIGRAFIA GLOBALE CORPOREA CON T
61;92.18.6;TOMOSCINTIGRAFIA GLOBALE CORPOREA (
61;92.19.1;SCINTIGRAFIA SURRENALICA CORTICALE
61;92.19.2;SCINTIGRAFIA SURRENALICA MIDOLLARE
61;92.19.3;SCINTIGRAFIA DEI TESTICOLI
61;92.19.5;
61;92.19.6;SCINTIGRAFIA SEGMENTARIA DOPO SCINT
61;92.19.7;SCINTIGRAFIA SEGMENTARIA CON:      
61;92.19.8;TOMOSCINTIGRAFIA (SPET) DI UN SOLO 
61;92.19.9;TOMOSCINTIGRAFIA (SPET) DI UN SOLO 
61;92.28.1;TERAPIA DEGLI IPERTIROIDISMI Fino a
61;92.28.2;TERAPIA DEGLI IPERTIROIDISMI Per og
61;92.28.3;TERAPIA ENDOCAVITARIA
61;92.28.4;TERAPIA CON ANTICORPI MONOCLONALI F
61;92.28.5;TERAPIA CON ANTICORPI MONOCLONALI  
61;92.28.6;TERAPIA PALLIATIVA DEL DOLORE DA ME
64;3.8;INIEZIONE DI FARMACI CITOTOSSICI NE
64;34.92;INIEZIONE NELLA CAVITA  TORACICA - 
64;38.98;PUNTURA DI ARTERIA - Iniezione endo
64;54.97;INIEZIONE DI SOSTANZE TERAPEUTICHE 
64;81.92;INIEZIONE DI SOSTANZE TERAPEUTICHE 
64;89.01;ANAMNESI E VALUTAZIONE DEFINITE BRE
64;89.03;ANAMNESI E VALUTAZIONE DEFINITE COM
64;89.05;VALUTAZIONE MULTIDIMENSIONALEE
64;89.07;CONSULTO INTERDISCIPLINARE DEFINITO
64;89.7;VISITA GENERALE                    
64;96.49;INSTILLAZIONE GENITOURINARIA - Inst
64;99;
64;99.23;INIEZIONE DI STEROIDI - Iniezione d
64;99.25;INIEZIONE O INFUSIONE DI SOSTANZE C
64;93.82.1;TERAPIA EDUCAZIONALE DEL DIABETICO 
64;99.24.1;INFUSIONE DI SOSTANZE ORMONALI -
64;99.25.5;Terapia antitumorale con dispensazi
68;33.22;BRONCOSCOPIA CON FIBRE OTTICHE - Tr
68;33.24;BIOPSIA BRONCHIALE [ENDOSCOPICA] - 
68;89.01;ANAMNESI E VALUTAZIONE DEFINITE BRE
68;89.66;EMOGASANALISI DI SANGUE MISTO VENOS
68;89.7;VISITA GENERALE                    
68;93.91;RESPIRAZIONE A PRESSIONE POSITIVA I
68;93.99;ALTRE PROCEDURE RESPIRATORIE - Dren
68;98.15;RIMOZIONE DI CORPO ESTRANEO INTRALU
68;89.17.3;Monitoraggio cardio respiratorio co
68;89.37.1;SPIROMETRIA SEMPLICE
68;89.37.2;SPIROMETRIA GLOBALE -
68;89.37.3;SPIROMETRIA SEPARATA DEI DUE POLMON
68;89.37.4;TEST DI BRONCODILATAZIONE FARMACOLO
68;89.37.5;PROVA BRONCODINAMICA CON BRONCOCOST
68;89.37.6;PROVA BRONCODINAMICA CON BRONCOCOST
68;89.38.1;RESISTENZE DELLE VIE AEREE  - Esclu
68;89.38.2;SPIROMETRIA GLOBALE CON TECNICA PLE
68;89.38.3;DIFFUSIONE ALVEOLO-CAPILLARE  DEL C
68;89.38.4;COMPLIANCE POLMONARE STATICA E DINA
68;89.38.5;DETERMINAZIONE DEL PATTERN RESPIRAT
68;89.38.6;VALUTAZIONE DELLA VENTILAZIONE E DE
68;89.38.7;DETERMINAZIONE DELLE MASSIME PRESSI
68;89.38.8;TEST DI DISTRIBUZIONE DELLA VENTILA
68;89.38.9;DETERMINAZIONE DELLA P O.1 -
68;89.44.1;PROVA DA SFORZO CARDIORESPIRATORIO 
68;89.44.2;TEST DEL CAMMINO -
68;89.61.2;Ossimetria notturna o saturimetria 
68;89.65.1;EMOGASANALISI ARTERIOSA SISTEMICA -
68;89.65.2;EMOGASANALISI DURANTE RESPIRAZIONE 
68;89.65.3;EMOGASANALISI DURANTE RESPIRAZIONE 
68;89.65.4;MONITORAGGIO TRANSCUTANEO DI O2 E C
68;89.65.5;MONITORAGGIO INCRUENTO DELLA SATURA
68;89.65.6;EMOGASANALISI PRIMA E DOPO IPERVENT
68;93.99.1;BRONCOINSTILLAZIONI - Per seduta
68;93.99.2;Addestramento ed addattamento alla 
69;6.01;ASPIRAZIONE NELLA REGIONE TIROIDEA 
69;38.7;POSIZIONAMENTO FILTRO CAVALE
69;38.89;TRATTAMENTO PERCUTANEO VARICI (lase
69;39.1;TIPS
69;43.11;GASTROSTOMIA PERCUTANEA
69;50.19;BIOPSIA TRANSGIUGULARE EPATICA O RE
69;50.29;RADIOFREQUENZA PERCUTANEA DI LESION
69;50.91;ALCOLIZZAZIoNE PERCUTANEA DEL FEGAT
69;51.03;COLECISTOSTOMIA PERCUTANEA
69;51.1;ERCP colangiografia ascendente retr
69;51.98;DILATAZIONE EXTRA-VASCOLARE        
69;55.93;LITOTRISSIA EXTRACORPOREA (ESWL)  p
69;85.99;POSIZIONAMENTO FILO REPERE         
69;86.07;POSIZIONAMENTO DI PORTER ARTERIOSI
69;87.03;TOMOGRAFIA COMPUTERIZZATA (TC) DEL 
69;87.05;DACRIOCISTOGRAFIA
69;87.21;MIELOGRAFIA
69;87.22;RADIOGRAFIA DELLA COLONNA CERVICALE
69;87.23;RADIOGRAFIA DELLA COLONNA TORACICA 
69;87.24;RADIOGRAFIA DELLA COLONNA LOMBOSACR
69;87.29;RADIOGRAFIA COMPLETA DELLA COLONNA 
69;87.35;GALATTOGRAFIA
69;87.38;FISTOLOGRAFIA
69;87.41;TOMOGRAFIA COMPUTERIZZATA (TC) DEL 
69;87.62;RADIOGRAFIA DEL TRATTO  GASTROINTES
69;87.63;STUDIO SERIATO DELL INTESTINO TENUE
69;87.64;RADIOGRAFIA DEL TRATTO GASTROINTEST
69;87.71;TOMOGRAFIA COMPUTERIZZATA (TC) DEI 
69;87.72;TOMOGRAFIA [STRATIGRAFIA] RENALE To
69;87.73;UROGRAFIA ENDOVENOSA               
69;87.76;CISTOURETROGRAFIA RETROGRADA Uretro
69;87.77;CISTOGRAFIA (4 proiezioni o  radiog
69;87.79;RADIOGRAFIA DELL APPARATO URINARIO 
69;87.83;ISTEROSALPINGOGRAFIA (almeno 4 proi
69;88.19;RADIOGRAFIA DELL ADDOME            
69;88.21;RADIOGRAFIA DELLA SPALLA E  DEL BRA
69;88.22;RADIOGRAFIA DEL GOMITO E DELL AVAMB
69;88.23;RADIOGRAFIA DEL POLSO E  DELLA MANO
69;88.26;RADIOGRAFIA DI PELVI E ANCA Radiogr
69;88.27;RADIOGRAFIA DEL FEMORE
69;88.28;RADIOGRAFIA DEL PIEDE E DELLA CAVIG
69;88.29;RADIOGRAFIA ASSIALE DI ROTULE    (1
69;88.31;RADIOGRAFIA DELLO SCHELETRO IN TOTO
69;88.32;ARTROGRAFIA CON CONTRASTO (4 proiez
69;88.45;ARTERIOGRAFIA RENALE DESTRA O SINIS
69;88.47;ARTERIOGRAFIA TRIPODE CELIACO
69;88.48;ARTERIOGRAFIA DELL ARTO INFERIORE O
69;88.92;RISONANZA MAGNETICA NUCLEARE (RM) D
69;88.93;RISONANZA MAGNETICA NUCLEARE (RM) D
69;89.01;ANAMNESI E VALUTAZIONE DEFINITE BRE
69;89.7;VISITA GENERALE                    
69;98.52;LITOTRIPSIA TRANSEPATICA
69;99.29;FIBRINOLISI
69;06.01.1;BIOPSIA TORACICA TC GUIDATA
69;06.11.2;BIOPSIA [PERCUTANEA] [AGOBIOPSIA] D
69;34.91.1;TORACENTESI  TC-guidata
69;34.91.2;TORACENTESI ECO-guidata
69;34.91.3;DRENAGGIO DI PNEUMOTORACE TC  guida
69;39.50.1;ATEROTOMIA PERCUTANEA (o TROMBOLIZZ
69;39.50.2;ANGIOPLASTICA PERCUTANEA TRANSLUMIN
69;39.92.1;SCLEROSI VARICOCELE
69;39.99.2;CONTROLLO DI INTERVENTISTICA VASCOL
69;39.99.3;CONTROLLO DI INTERVENTISTICA EXTRA 
69;39.99.4;PROCEDURA ENDOVASCOLARE
69;39.99.5;TRATTAMENTO ENDOVASCOLARE ANEURISMI
69;39.99.6;TROMBOLISI INTRAARTERIOSA INTRACRAN
69;39.99.7;POSIZIONAMENTO  STENT VASCOLARI (ST
69;39.99.8;PTA + POSIZIONAMENTO STENT
69;39.99.9;PROTESI AORTICA ENDOVASCOLARE (tora
69;39.99.A;TERAPIA  INTERVENTISTICA  ECOGUIDAT
69;40.19.1;AGOBIOPSIA ECO-GUIDATA DI SEDI PROF
69;40.19.2;AGOBIOPSIA TC-GUIDATA DI SEDI PROFO
69;43.19.1;PSEUDOCISTOGASTROSTOMIA
69;50.19.1;BIOPSIA [PERCUTANEA][AGOBIOPSIA] DE
69;50.19.A;BIOSUSCETTOMETRIA SQUIDD
69;51.12.1;BIOPSIA ENDOLUMINALE
69;51.99.1;DRENAGGIO BILIARE TRANSEPATICO     
69;51.99.2;DRENAGGIO BILIARE TRANSEPATICO
69;51.99.3;POSIZIONAMENTO PROTESI BILIARE  (pl
69;54.91.1;DRENAGGIO PERCUTANEO DI RACCOLTA FL
69;54.99.1;DRENAGGIO PERCUTANEO PROFONDO RX-GU
69;54.99.2;POSIZIONAMENTO VALVOLA PERITONEO-VE
69;55.12.1;PIELOSTOMIA PERCUTANEA MONOLATERALE
69;55.12.2;PIELOSTOMIA PERCUTANEA BILATERALE
69;55.93.A;ONDE D URTO  focalizzate   (per alt
69;56.99.1;POSIZIONAMENTO PROTESI URINARIA MON
69;56.99.2;POSIZIONAMENTO PROTESI URINARIA BIL
69;60.11.1;BIOPSIA TRANSPERINEALE [PERCUTANEA]
69;83.21.1;BIOPSIA ECO-GUIDATA DEI TESSUTI MOL
69;85.11.1;BIOPSIA ECO-GUIDATA DELLA MAMMELLA 
69;85.11.2;BIOPSIA DELLA MAMMELLA CON SISTEMA 
69;85.11.3;BIOPSIA DELLA MAMMELLA CON SISTEMA 
69;85.11.4;AGOBIOPSIA STEREOTASSICA DELLA MAMM
69;85.21.1;ASPIRAZIONE PERCUTANEA DI CISTI DEL
69;87.03.1;TOMOGRAFIA COMPUTERIZZATA (TC) DEL 
69;87.03.2;TOMOGRAFIA COMPUTERIZZATA (TC) DEL 
69;87.03.3;TOMOGRAFIA COMPUTERIZZATA (TC) DEL 
69;87.03.5;TOMOGRAFIA COMPUTERIZZATA (TC) DELL
69;87.03.6;TOMOGRAFIA COMPUTERIZZATA (TC) DELL
69;87.03.7;TOMOGRAFIA COMPUTERIZZATA (TC) DEL 
69;87.03.8;TOMOGRAFIA COMPUTERIZZATA (TC) DEL 
69;87.06.1;RADIOGRAFIA CON CONTRASTO DELLE GHI
69;87.09.2;RADIOGRAFIA DEL TRATTO FARINGO-CRIC
69;87.11.2;RADIOGRAFIA CON OCCLUSALE DI ARCATA
69;87.11.3;ORTOPANORAMICA DELLE ARCATE DENTARI
69;87.12.1;TELERADIOGRAFIA DEL CRANIO      Per
69;87.12.2;ALTRA RADIOGRAFIA DENTARIA Radiogra
69;87.16.1;ALTRA RADIOGRAFIA DI OSSA DELLA FAC
69;87.17.1;RADIOGRAFIA  DEL CRANIO E DEI SENI 
69;87.17.3;CONTROLLO RADIOLOGICO DI DERIVAZION
69;87.21.A;MIELO-TC
69;87.37.1;MAMMOGRAFIA BILATERALE. (2 proiezio
69;87.37.2;MAMMOGRAFIA MONOLATERALE           
69;87.37.4;MAMMOGRAFIA BILATERALE ED ECOGRAFIA
69;87.37.5;MAMMOGRAFIA ED ECOGRAFIA BILATERALE
69;87.41.1;TOMOGRAFIA COMPUTERIZZATA (TC) DEL 
69;87.41.2;TAC CORONARICA  senza e con mdc
69;87.41.3;TAC CARDIACA  senza e con mdc
69;87.42.1;TOMOGRAFIA [STRATIGRAFIA] TORACICA 
69;87.42.A;TOMOSINTESI MAMMARIA BILATERALE
69;87.42.B;TOMOSINTESI MAMMARIA MONOLATERALE
69;87.42.C;TOMOSINTESI TORACE
69;87.43.1;RADIOGRAFIA  COSTALE -DI COSTE
69;87.43.2;ALTRA RADIOGRAFIA COSTALE -DI COSTE
69;87.44.1;RADIOGRAFIA DEL TORACE DI ROUTINE
69;87.49.1;RADIOGRAFIA DELLA TRACHEA          
69;87.54.1;COLANGIOGRAFIA TRANS-KEHR Incluso: 
69;87.62.2;RADIOGRAFIA DELL ESOFAGO CON DOPPIO
69;87.62.3;RADIOGRAFIA DELLO STOMACO  E DEL DU
69;87.63.1;STUDIO INTESTINALE CON MARKERS
69;87.64.1;COLONSCOPIA VIRTUALE CON TC
69;87.64.2;COLONSCOPIA VIRTUALE CON TC con e s
69;87.65.2;CLISMA CON DOPPIO CONTRASTO
69;87.65.3;CLISMA DEL TENUE CON DOPPIO CONTRAS
69;87.69.1;ALTRE PROCEDURE DIAGNOSTICHE SULL A
69;87.69.2;ESAME DI SEGMENTO DEL TUBO DIGERENT
69;87.71.1;TOMOGRAFIA COMPUTERIZZATA  (TC) DEI
69;87.74.1;PIELOGRAFIA RETROGRADA MONOLATERALE
69;87.74.2;PIELOGRAFIA RETROGRADA BILATERALE  
69;87.75.1;PIELOGRAFIA TRANSPIELOSTOMICA
69;87.83.1;DISOSTRUZIONE TUBARICA comprensiva 
69;88.01.1;TOMOGRAFIA COMPUTERIZZATA (TC) DELL
69;88.01.2;TOMOGRAFIA COMPUTERIZZATA (TC) DELL
69;88.01.3;TOMOGRAFIA COMPUTERIZZATA (TC) DELL
69;88.01.4;TOMOGRAFIA COMPUTERIZZATA (TC) DELL
69;88.01.5;TOMOGRAFIA COMPUTERIZZATA (TC) DELL
69;88.01.6;TOMOGRAFIA COMPUTERIZZATA (TC) DELL
69;88.01.7;TOMOGRAFIA COMPUTERIZZATA (TC)  sen
69;88.29.1;RADIOGRAFIA COMPLETA  DEGLI ARTI IN
69;88.29.2;RADIOGRAFIA ASSIALE DELLA ROTULA   
69;88.31.1;RADIOGRAFIA COMPLETA DEL LATTANTE
69;88.33.1;STUDIO DELL ETA  OSSEA. (1 proiezio
69;88.33.2;TOMOGRAFIA [STRATIGRAFIA] DI SEGMEN
69;88.35.1;FISTOLOGRAFIA DELL ARTO SUPERIORE  
69;88.37.1;FISTOLOGRAFIA DELL ARTO INFERIORE  
69;88.38.1;TOMOGRAFIA COMPUTERIZZATA (TC) DEL 
69;88.38.2;TOMOGRAFIA COMPUTERIZZATA (TC) DEL 
69;88.38.3;TOMOGRAFIA COMPUTERIZZATA (TC) DELL
69;88.38.4;TOMOGRAFIA COMPUTERIZZATA (TC) DELL
69;88.38.5;TOMOGRAFIA COMPUTERIZZATA (TC) DEL 
69;88.38.6;TOMOGRAFIA COMPUTERIZZATA (TC) DELL
69;88.38.7;TOMOGRAFIA COMPUTERIZZATA (TC) DELL
69;88.38.8;ARTRO TC  Spalla o gomito o ginocch
69;88.38.9;ANGIO TC  (con apparecchiatura spir
69;88.38.A;ANGIO TC  (con apparecchiatura spir
69;88.38.B;ANGIO TC  (con apparecchiatura spir
69;88.39.1;LOCALIZZAZIONE RADIOLOGICA CORPO ES
69;88.42.1;AORTOGRAFIA   Angiografia digitale 
69;88.42.2;AORTOGRAFIA ADDOMINALE Angiografia 
69;88.42.3;ANGIOPNEUMOGRAFIA
69;88.44.1;ARTERIOGRAFIA SPLENICA
69;88.44.2;ARTERIOGRAFIA BRONCHIALE destra o s
69;88.44.3;ARTERIOGRAFIA INTERCOSTALE destra o
69;88.44.4;ARTERIOGRAFIA LOMBARE destra o sini
69;88.49.1;CAROTIDOGRAFIA DESTRA O SINISTRA
69;88.49.2;ARTERIOGRAFIA VERTEBRALE DESTRA O S
69;88.49.3;ARTERIOGRAFIA SUCCLAVIA DESTRA O SI
69;88.49.4;ARTERIOGRAFIA MESENTERICA SUPERIORE
69;88.49.5;ARTERIOGRAFIA EPATICA
69;88.49.6;ARTERIOGRAFIA ARTO SUPERIORE DESTRO
69;88.49.7;ARTERIOGRAFIA SPINALE
69;88.49.8;AORTO-ARTERIOGRAFIA
69;88.60.1;FLEBOGRAFIA SPINALE. Cervicale
69;88.61.1;FLEBOGRAFIA ORBITARIA
69;88.61.2;FLEBOGRAFIA GIUGULARE
69;88.63.1;CAVOGRAFIA SUPERIORE
69;88.63.2;FLEBOGRAFIA DELL ARTO SUPERIORE   M
69;88.65.1;CAVOGRAFIA INFERIORE
69;88.65.2;FLEBOGRAFIA RENALE
69;88.65.3;FLEBOGRAFIA ILIACA  Bilaterale
69;88.66.1;FLEBOGRAFIA DEGLI ARTI INFERIORI  M
69;88.66.2;FLEBOGRAFIA DEGLI ARTI INFERIORI  B
69;88.71.1;ECOENCEFALOGRAFIA - Ecografia trans
69;88.71.4;DIAGNOSTICA ECOGRAFICA DEL CAPO E D
69;88.71.5;ECOGRAFIA ORBITA
69;88.72.6;ECOCARDIOGRAFIA
69;88.73.1;ECOGRAFIA DELLA MAMMELLA Bilaterale
69;88.73.2;ECOGRAFIA DELLA MAMMELLA Monolatera
69;88.73.3;ECOGRAFIA TORACICA
69;88.73.4;ECO(COLOR)DOPPLER DELLA MAMMELLA
69;88.73.5;ECO(COLOR) DOPPLER DEI TRONCHI SOVR
69;88.74.1;ECOGRAFIA DELL ADDOME  SUPERIORE In
69;88.74.5;ECO(COLOR)DOPPLER  DELLE ARTERIE RE
69;88.74.6;ECOGRAFIA RENO-VESCICALE
69;88.75.1;ECOGRAFIA DELL ADDOME INFERIORE    
69;88.75.2;ECO(COLOR)DOPPLER DELL ADDOME INFER
69;88.75.3;ECOGRAFIA RENO-VESCICALE
69;88.76.1;ECOGRAFIA ADDOME COMPLETO
69;88.76.2;ECOGRAFIA DI GROSSI VASI ADDOMINALI
69;88.76.3;ECOCOLOR DOPPLER DELL AORTA DEGLI A
69;88.77.2;ECO(COLOR) DOPPLERGRAFIA DEGLI ARTI
69;88.78.1;ECOGRAFIA OVARICA - Per monitoraggi
69;88.78.A;MISURA DELLA TRANSLUCENZA NUCALE
69;88.79.1;ECOGRAFIA DELLA CUTE E DEL TESSUTO 
69;88.79.2;STUDIO ECOGRAFICO DEL BACINO - Ecog
69;88.79.3;ECOGRAFIA MUSCOLOTENDINEA E/O ARTIC
69;88.79.4;ECOGRAFIA TRANSESOFAGEA DEL TORACE
69;88.79.5;ECOGRAFIA DEL PENE
69;88.79.6;ECOGRAFIA DEI TESTICOLI
69;88.79.7;ECOGRAFIA TRANSVAGINALE
69;88.79.8;ECOGRAFIA TRANSRETTALE
69;88.79.9;ECOGRAFIA OSTEOARTICOLARE
69;88.79.A;ECOENDOSCOPIA VIA TRANSRETTALE
69;88.79.B;ECOGRAFIA  TRANSPERINEALE
69;88.79.C;ECOGRAFIA con m.d.c.
69;88.79.D;ECOCOLORDOPPLER applicato ad esame 
69;88.90.2;RICOSTRUZIONE TRIDIMENSIONALE  TC R
69;88.90.3;TOMOGRAFIA COMPUTERIZZATA (TC) DEL 
69;88.90.9;ENDOSCOPIE VIRTUALI CON TC O CON RM
69;88.91.1;RISONANZA MAGNETICA  NUCLEARE (RM) 
69;88.91.2;RISONANZA MAGNETICA NUCLEARE (RM) D
69;88.91.3;RISONANZA MAGNETICA NUCLEARE (RM) D
69;88.91.4;RISONANZA MAGNETICA NUCLEARE (RM) D
69;88.91.5;ANGIO-RM DEL DISTRETTO VASCOLARE IN
69;88.91.6;RISONANZA MAGNETICA NUCLEARE (RM) D
69;88.91.7;RISONANZA MAGNETICA NUCLEARE (RM) D
69;88.91.8;ANGIO-RM DEI VASI DEL COLLO con con
69;88.91.9;SPETTROSCOPIA INTEGRATIVA
69;88.91.A;ANGIO-RM DEL DISTRETTO VASCOLARE IN
69;88.91.B;SPETTROSCOPIA
69;88.91.C;ANGIO-RM DEL DISTRETTO VASCOLARE IN
69;88.91.D;ANGIO-RM DEL DISTRETTO VASCOLARE IN
69;88.91.E;RISONANZA MAGNETICA NUCLEARE (RM) T
69;88.92.1;RISONANZA MAGNETICA NUCLEARE (RM) D
69;88.92.2;ANGIO-RM DEL DISTRETTO TORACICO
69;88.92.3;RISONANZA MAGNETICA NUCLEARE (RM) D
69;88.92.4;RISONANZA MAGNETICA NUCLEARE (RM) D
69;88.92.5;RISONANZA MAGNETICA NUCLEARE (CINE-
69;88.92.8;RISONANZA MAGNETICA NUCLEARE (RM) D
69;88.92.9;RISONANZA MAGNETICA NUCLEARE (RM) D
69;88.93.1;RISONANZA MAGNETICA NUCLEARE (RM) D
69;88.94.1;###################################
69;88.94.2;###################################
69;88.94.3;ANGIO-RM DELL ARTO  O DEGLI ARTI SU
69;88.94.4;ANGIO-RM DELL ARTO  O DEGLI ARTI IN
69;88.94.A;###################################
69;88.94.B;###################################
69;88.94.C;ARTRO-RM  ( con m.d.c. intra-artico
69;88.95.1;RISONANZA MAGNETICA NUCLEARE (RM) D
69;88.95.2;RISONANZA MAGNETICA  NUCLEARE (RM) 
69;88.95.3;ANGIO RM DELL ADDOME SUPERIORE
69;88.95.4;RISONANZA MAGNETICA NUCLEARE (RM) D
69;88.95.5;RISONANZA MAGNETICA  NUCLEARE (RM) 
69;88.95.6;ANGIO RM DELL ADDOME INFERIORE
69;88.95.7;RISONANZA MAGNETICA NUCLEARE [RM] A
69;88.95.8;RISONANZA MAGNETICA NUCLEARE [RM] A
69;88.95.9;ANGIO RM  ADDOME SUPERIORE ED INFER
69;88.95.A;ANGIO RM  con m.d.c. - un distretto
69;88.95.B;ANGIO RM  con m.d.c. - due  distret
69;88.95.E;RM DELLA PROSTATA per via transrett
69;88.97.1;RISONANZA MAGNETICA NUCLEARE CON ST
69;88.99.1;DENSITOMETRIA OSSEA CON TECNICA DI 
69;88.99.2;DENSITOMETRIA OSSEA CON TECNICA DI 
69;88.99.3;DENSITOMETRIA OSSEA CON TECNICA DI 
69;88.99.5;DENSITOMETRIA OSSEA AD ULTRASUONI
69;88.99.6;MORFOMETRIA VERTEBRALE con apparecc
69;98.20.1;RECUPERO CORPI ESTRANEI ENDOCANALIC
69;99.25.2;CHEMIOEMBOLIZZAZIONE LOCO-REGIONALE
69;99.29.A;EMBOLIZZAZIONE ARTERIOSA O VENOSA
69;99.29.B;EMBOLIZZAZIONE ECO GUIDATA DI PSEUD
70;89.01;ANAMNESI E VALUTAZIONE DEFINITE BRE
70;89.03;ANAMNESI E VALUTAZIONE DEFINITE COM
70;89.04;STESURA PIANO DI TRATTAMENTO RADIOT
70;89.7;VISITA GENERALE                    
70;92.24;IRRADIAZIONE CORPOREA TOTALE (TBI)
70;92.31;STUDIO FISICO DOSIMETRICO  CON ELAB
70;92.4;TC DI RIVALUTAZIONE RADIOTERAPICA
70;99.85;IPERTERMIA PER IL TRATTAMENTO DI TU
70;38.99.1;INIEZIONE DI MEZZO DI  CONTRASTO PE
70;38.99.2;INIEZIONE DI MEZZO DI CONTRASTO PER
70;88.90.2;RICOSTRUZIONE TRIDIMENSIONALE  TC R
70;92.21.1;ROENTGENTERAPIA Per seduta
70;92.23.1;TELECOBALTOTERAPIA CON CAMPO FISSO 
70;92.23.2;TELECOBALTOTERAPIA CON CAMPI MULTIP
70;92.23.3;TELECOBALTOTERAPIA CON TECNICA FLAS
70;92.24.0;IRRADIAZIONE CORPOREA TOTALE (TBI)
70;92.24.1;TELETERAPIA CON  ACCELERATORE LINEA
70;92.24.2;TELETERAPIA CON  ACCELERATORE LINEA
70;92.24.3;TELETERAPIA CON  ACCELERATORE LINEA
70;92.24.4;RADIOTERAPIA STEREOTASSICA prima se
70;92.24.A;RADIOTERAPIA STEREOTASSICA frazioni
70;92.24.B;RADIOTERAPIA CON ACCELLERATORE LINE
70;92.25.1;TELETERAPIA CON ELETTRONI  A UNO O 
70;92.25.2;IRRADIAZIONE CUTANEA  TOTALE CON EL
70;92.27.1;BRACHITERAPIA ENDOCAVITARIA CON CAR
70;92.27.2;BRACHITERAPIA INTERSTIZIALE CON IMP
70;92.27.3;BRACHITERAPIA DI SUPERFICIE (HDR)
70;92.27.4;BRACHITERAPIA INTERSTIZIALE CON CAR
70;92.27.5;BETATERAPIA DI CONTATTO
70;92.28.1;TERAPIA DEGLI IPERTIROIDISMI Fino a
70;92.28.2;TERAPIA DEGLI IPERTIROIDISMI Per og
70;92.28.3;TERAPIA ENDOCAVITARIA
70;92.28.4;TERAPIA CON ANTICORPI MONOCLONALI F
70;92.28.5;TERAPIA CON ANTICORPI MONOCLONALI  
70;92.28.6;TERAPIA PALLIATIVA DEL DOLORE DA ME
70;92.29.1;INDIVIDUAZIONE DEL VOLUME BERSAGLIO
70;92.29.2;INDIVIDUAZIONE DEL VOLUME BERSAGLIO
70;92.29.3;INDIVIDUAZIONE DEL VOLUME BERSAGLIO
70;92.29.4;STUDIO FISICO - DOSIMETRICO   Calco
70;92.29.5;STUDIO FISICO-DOSIMETRICO CON ELABO
70;92.29.6;DOSIMETRIA IN VIVO. Controllo fisic
70;92.29.7;SCHERMATURA PERSONALIZZATA (intero 
70;92.29.8;SISTEMA DI IMMOBILIZZAZIONE PERSONA
70;92.29.9;PREPARAZIONE DI COMPENSATORI SAGOMA
70;92.30.1;INDIVIDUAZIONE DEL VOLUME BERSAGLIO
70;92.30.2;INDIVIDUAZIONE DEL VOLUME BERSAGLIO
70;92.30.3;INDIVIDUAZIONE DEL VOLUME BERSAGLIO
70;92.31.1;STUDIO FISICO-DOSIMETRICO per IMRT 
70;92.31.2;STUDIO FISICO-DOSIMETRICO BIDIMENSI
70;92.31.3;STUDIO FISICO-DOSIMETRICO per brach
70;92.31.4;STUDIO FISICO DOSIMETRICO CON ELABO
70;92.40.1;CONTORNAMENTO DEGLI ORGANI DI INTER
70;92.40.2;CONTORNAMENTO DEGLI ORGANI DI INTER
70;92.40.3;INFISSIONE DI REPERI RADIO OPACHI
70;92.40.4;CONTROLLO POSIZIONAMENTO PAZIENTE m
70;99.85.1;IPERTERMIA SUPERFICIALE PER TRATTAM
70;99.85.2;IPERTERMIA PROFONDA PER TRATTAMENTO
71;38.22;ANGIOSCOPIA PERCUTANEA - Capillaros
71;81.92;INIEZIONE DI SOSTANZE TERAPEUTICHE 
71;89.01;ANAMNESI E VALUTAZIONE DEFINITE BRE
71;89.03;ANAMNESI E VALUTAZIONE DEFINITE COM
71;89.7;VISITA GENERALE                    
71;99.14.1;INFUSIONE DI IMMUNOGLOBULINE ENDOVE
71;99.25.1;TERAPIA  INFUSIONALE  ENDOVENOSA
79;86.24;CHEMIOCHIRURGIA DELLA CUTE - Peelin
79;89.01;ANAMNESI E VALUTAZIONE DEFINITE BRE
79;89.03;ANAMNESI E VALUTAZIONE DEFINITE COM
79;89.7;VISITA GENERALE                    
79;96.56;POSIZIONAMENTO DI CATETERE VENOSO C
79;99.93;TERAPIA DIETETICA
79;89.38.6;VALUTAZIONE DELLA VENTILAZIONE E DE
79;93.01.7;COUNSELLING
79;93.01.8;COUNSELLING
79;93.82.1;TERAPIA EDUCAZIONALE DEL DIABETICO 
79;96.61.1;NUTRIZIONE ENTERALE ARTIFICIALE  DO
79;96.61.2;TRAINING PER LA GESTIONE DELLA NUTR
79;99.15.1;NUTRIZIONE ARTIFICIALE  PARENTERALE
79;99.15.2;TRAINING PER LA GESTIONE DELLA NUTR
79;99.39.9;POSIZIONAMENTO DISPOSITIVO DI SOSTI
79;99.93.1;CONTROLLO TERAPIA DIETETICA
79;99.93.2;Valutazione della composizione corp
79;99.93.3;VALUTAZIONE DELLA COMPOSIZIONE CORP
79;99.93.4;POSIZIONAMENTO  SONDA NASO-ENTERICA
79;99.93.5;IRRIGAZIONE DI CATETERE VASCOLARE
79;99.93.6;MEDICAZIONE DI CATETERE VENOSO CENT
79;99.93.7;RIPARAZIONE E/O DISOSTRUZIONE DI SO
79;99.93.8;VALUTAZIONE BROMATOLOGICA DEL DIARI
79;99.93.9;RIMOZIONE DI DISPOSITIVO PER GASTRO
81;89.01;ANAMNESI E VALUTAZIONE DEFINITE BRE
81;89.05;VALUTAZIONE MULTIDIMENSIONALEE
81;89.07;CONSULTO INTERDISCIPLINARE DEFINITO
81;89.7;VISITA GENERALE                    
81;93.01.7;COUNSELLING
81;93.01.8;COUNSELLING
82;3.91;INIEZIONE DI ANESTETICO NEL CANALE 
82;5.31;INIEZIONE DI ANESTETICO NEI NERVI S
82;5.32;INIEZIONE DI AGENTI NEUROLITICI NEI
82;89.01;ANAMNESI E VALUTAZIONE DEFINITE BRE
82;89.7;VISITA GENERALE                    
82;93.95;OSSIGENAZIONE IPERBARICA - Per sedu
82;94.32;IPNOTERAPIA - Ipnosi  Incluso: Ipno
82;99.91;AGOPUNTURA PER ANESTESIA -
82;99.92;ALTRA AGOPUNTURA  - Escluso:quella 
82;04.81.1;INIEZIONE DI ANESTETICO IN NERVO PE
82;04.81.2;INIEZIONE DI ANESTETICO IN NERVO PE
82;93.39.5;ELETTROTERAPIA ANTALGICA  - Elettro
82;99.29.7;MESOTERAPIA -
82;99.92.1;MET (alta complessitÃ )
82;99.92.2;MET (bassa complessitÃ )
85;89.01;ANAMNESI E VALUTAZIONE DEFINITE BRE
85;89.03;ANAMNESI E VALUTAZIONE DEFINITE COM
85;89.05;VALUTAZIONE MULTIDIMENSIONALEE
85;89.07;CONSULTO INTERDISCIPLINARE DEFINITO
85;89.7;VISITA GENERALE                    
85;94.42.2;Formazione per l autogestione e / o
91;99.5;Relazione psicologica per autoritÃ 
91;99.51;Relazione psicologica per paziente
91;99.52;Consulenza o valutazione psicologic
98;89.01;ANAMNESI E VALUTAZIONE DEFINITE BRE
98;89.7;VISITA GENERALE                    
98;99.71;PLASMAFERESI  TERAPEUTICA
98;99.72;LEUCOAFERESI TERAPEUTICA
98;99.73;ERITROAFERESI TERAPEUTICA
98;99.74;PIASTRINOAFERESI  TERAPEUTICA
98;89.65.1;EMOGASANALISI ARTERIOSA SISTEMICA -
98;90.01.1;11 DEOSSICORTISOLO
98;90.01.2;17 ALFA IDROSSIPROGESTERONE (17 OH-
98;90.01.3;17 CHETOSTEROIDI [dU]
98;90.01.4;17 IDROSSICORTICOIDI [dU]
98;90.01.5;ACIDI BILIARI
98;90.02.1;ACIDO 5 IDROSSI 3 INDOLACETICO  [dU
98;90.02.2;ACIDO CITRICO
98;90.02.3;ACIDO DELTA AMINOLEVULINICO (ALA)
98;90.02.4;ACIDO IPPURICO
98;90.02.5;ACIDO LATTICO
98;90.03.1;ACIDO PARA AMINOIPPURICO (PAI)
98;90.03.2;ACIDO PIRUVICO
98;90.03.3;ACIDO SIALICO
98;90.03.4;ACIDO VALPROICO
98;90.03.5;ACIDO VANILMANDELICO (VMA) [dU] (HP
98;90.04.1;ADIURETINA (ADH)
98;90.04.2;ADRENALINA - NORADRENALINA [P]
98;90.04.3;ADRENALINA - NORADRENALINA [U]
98;90.04.4;ALA DEIDRASI ERITROCITARIA
98;90.04.5;ALANINA AMINOTRANSFERASI (ALT) (GPT
98;90.04.6;CROMOGRANINA A
98;90.04.7;METANEFRINE FRAZIONATE
98;90.05.1;ALBUMINA [S/U/dU]
98;90.05.2;ALDOLASI [S]
98;90.05.3;ALDOSTERONE [S/U]
98;90.05.4;ALFA 1 ANTITRIPSINA [S]
98;90.05.5;ALFA 1 FETOPROTEINA [S/La/Alb]
98;90.05.6;PREALBUMINA
98;90.06.1;ALFA 1 GLICOPROTEINA ACIDA [S]
98;90.06.2;ALFA 1 MICROGLOBULINA [S/U]
98;90.06.3;ALFA 2 MACROGLOBULINA
98;90.06.4;ALFA AMILASI [S/U]
98;90.06.5;ALFA AMILASI ISOENZIMI (Frazione pa
98;90.07.1;ALLUMINIO [S/U]
98;90.07.2;AMINOACIDI DOSAGGIO SINGOLO [S/U/Sg
98;90.07.3;AMINOACIDI TOTALI [S/U/Sg/P]
98;90.07.4;AMITRIPTILINA
98;90.07.5;AMMONIO [P]
98;90.07.6;AMINOACIDI. DOSAGGIO QUANTITATIVO S
98;90.07.7;OMOCISTEINA (HPLC-Cromatografia liq
98;90.08.1;ANDROSTENEDIOLO GLUCURONIDE [S]
98;90.08.2;ANGIOTENSINA II
98;90.08.3;ANTIBIOTICI - Aminoglicosidi
98;90.08.4;APOLIPOPROTEINA AP1.
98;90.08.5;APOLIPOPROTEINA B
98;90.08.6;PROTEINE SPECIFICHE ALTRE
98;90.09.1;APTOGLOBINA
98;90.09.2;ASPARTATO AMINOTRANSFERASI  (AST) (
98;90.09.3;BARBITURICI
98;90.09.4;BENZODIAZEPINE
98;90.09.5;BENZOLO
98;90.10.1;BETA2 MICROGLOBULINA [S/U]
98;90.10.2;BICARBONATI (Idrogenocarbonato)
98;90.10.3;BILIRUBINA (Curva spettrofotometric
98;90.10.4;BILIRUBINA TOTALE
98;90.10.5;BILIRUBINA TOTALE E FRAZIONATA
98;90.10.6;BIOTINIDASI
98;90.11.1;C PEPTIDE
98;90.11.2;C PEPTIDE: Dosaggi seriati dopo tes
98;90.11.3;CADMIO
98;90.11.4;CALCIO TOTALE [S/U/dU]
98;90.11.5;CALCITONINA
98;90.11.6;CALCIO IONIZZATO
98;90.12.1;CALCOLI E CONCREZIONI (Ricerca semi
98;90.12.2;CALCOLI ESAME CHIMICO DI BASE (Rice
98;90.12.3;CARBAMAZEPINA
98;90.12.4;CATECOLAMINE TOTALI URINARIE
98;90.12.5;CERULOPLASMINA
98;90.13.1;CHIMOTRIPSINA [Feci]
98;90.13.2;CICLOSPORINA
98;90.13.3;CLORURO [S/U/dU]
98;90.13.4;CLORURO
98;90.13.5;COBALAMINA (VIT. B12) [S]
98;90.14.1;COLESTEROLO HDL
98;90.14.2;COLESTEROLO LDL
98;90.14.3;COLESTEROLO TOTALE
98;90.14.4;COLINESTERASI (PSEUDO-CHE)
98;90.14.5;COPROPORFIRINE
98;90.15.1;CORPI CHETONICI
98;90.15.2;CORTICOTROPINA (ACTH) [P]
98;90.15.3;CORTISOLO [S/U]
98;90.15.4;CREATINCHINASI (CPK o CK)
98;90.15.5;CREATINCHINASI ISOENZIMA MB (CK-MB)
98;90.15.6;CORTICOSTEROIDI : ALTRI
98;90.16.1;CREATINCHINASI ISOENZIMI
98;90.16.2;CREATINCHINASI ISOFORME
98;90.16.3;CREATININA [S/U/dU/La]
98;90.16.4;CREATININA CLEARANCE
98;90.16.5;CROMO
98;90.16.6;CK-MB Dosaggio di massa (Dos. in ch
98;90.17.1;DEIDROEPIANDROSTERONE (DEA)
98;90.17.2;DEIDROEPIANDROSTERONE SOLFATO (DEA-
98;90.17.3;DELTA 4 ANDROSTENEDIONE
98;90.17.4;DESIPRAMINA
98;90.17.5;DIIDROTESTOSTERONE (DHT)
98;90.18.1;DOPAMINA [S/U]
98;90.18.2;DOXEPINA
98;90.18.3;DROGHE D ABUSO - Amfetamina
98;90.18.4;ENOLASI NEURONESPECIFICA (NSE)
98;90.18.5;ERITROPOIETINA
98;90.18.A;ETILGLUCURONATO (TEST IMMUNOCHIMICO
98;90.18.B;ETILGLUCURONATO (TEST DI CONFERMA) 
98;90.18.C;ETILGLUCURONATO (TEST DI CONFERMA) 
98;90.19.1;ESTERI ORGANOFOSFORICI
98;90.19.2;ESTRADIOLO (E2) [S/U]
98;90.19.3;ESTRIOLO (E3) [S/U]
98;90.19.4;ESTRIOLO NON CONIUGATO
98;90.19.5;ESTRONE (E1)
98;90.19.6;GLOBULINA TRASPORTO ORMONI SESSUALI
98;90.19.A;CDT (METODO IMMUNOCHIMICO ) (S)
98;90.19.B;CDT (METODICHE SEPARATIVE          
98;90.19.C;ETANOLO:TEST DI CONFERMA CROMATOGRA
98;90.20.1;ETANOLO
98;90.20.2;ETOSUCCIMIDE
98;90.20.3;FARMACI ANTIARITMICI - Chinidina
98;90.20.4;FARMACI ANTIINFIAMMATORI - Acetamin
98;90.20.5;FARMACI ANTITUMORALI - Ciclofosfami
98;90.20.6;FENOBARBITAL
98;90.20.7;FARMACI : ALTRI
98;90.20.8;FARMACI con test di 2Â° livello (HP
98;90.21.1;FARMACI DIGITALICI
98;90.21.2;FATTORE NATRIURETICO ATRIALE
98;90.21.3;FECI ESAME CHIMICO E MICROSCOPICO (
98;90.21.4;FECI SANGUE OCCULTO
98;90.21.5;FENILALANINA
98;90.21.6;FECI : DOSAGGIO GRASSI
98;90.21.7;FECI : SOSTANZE RIDUCENTI
98;90.21.8;FECI : POTERE TRIPTICO
98;90.21.9;PREPARAZIONE FECI PER ESAMI NUTRIZI
98;90.21.A;ELASTASI FECALE
98;90.21.B;BNP
98;90.22.1;FENITOINA
98;90.22.2;FENOLO [U]
98;90.22.3;FERRITINA [P/(Sg)Er]
98;90.22.4;FERRO [dU]
98;90.22.5;FERRO [S]
98;90.23.1;FLUORO
98;90.23.2;FOLATO [S/(Sg)Er]
98;90.23.3;FOLLITROPINA (FSH) [S/U]
98;90.23.4;FOSFATASI ACIDA
98;90.23.5;FOSFATASI ALCALINA
98;90.24.1;FOSFATASI ALCALINA ISOENZIMA OSSEO
98;90.24.2;FOSFATASI PROSTATICA (PAP)
98;90.24.3;FOSFATO INORGANICO [S/U/dU]
98;90.24.4;FOSFOESOSOISOMERASI (PHI)
98;90.24.5;FOSFORO
98;90.25.1;FRUTTOSAMINA (PROTEINE GLICATE) [S]
98;90.25.2;FRUTTOSIO [Ls]
98;90.25.3;GALATTOSIO (Prova da carico)
98;90.25.4;GALATTOSIO [S/U]
98;90.25.5;GAMMA GLUTAMIL TRANSPEPTIDASI (gamm
98;90.26.1;GASTRINA [S]
98;90.26.2;GLOBULINA LEGANTE LA TIROXINA (TBG)
98;90.26.3;GLUCAGONE [S]
98;90.26.4;GLUCOSIO (Curva da carico 3 determi
98;90.26.5;GLUCOSIO (Curva da carico 6 determi
98;90.27.1;GLUCOSIO [S/P/U/dU/La]
98;90.27.2;GLUCOSIO 6 FOSFATO DEIDROGENASI (G6
98;90.27.3;GONADOTROPINA CORIONICA (Prova immu
98;90.27.4;GONADOTROPINA CORIONICA (SubunitÃ  
98;90.27.5;GONADOTROPINA CORIONICA (SubunitÃ  
98;90.27.6;Proteina A associata alla gravidanz
98;90.27.7;Inibina A (InhA)
98;90.28.1;Hb - EMOGLOBINA GLICATA
98;90.28.2;IDROSSIPROLINA [U]
98;90.28.3;IMIPRAMINA
98;90.28.4;IMMUNOGLOBULINE: CATENE KAPPA E LAM
98;90.28.5;INSULINA (Curva da carico o dopo te
98;90.29.1;INSULINA [S]
98;90.29.2;LATTATO DEIDROGENASI (LDH) [S/F]
98;90.29.3;LATTE MULIERBE
98;90.29.4;LATTOSIO [U/Ls]
98;90.29.5;LEUCIN AMINO PEPTIDASI (LAP) [S]
98;90.29.6;LEUCOTRIENI
98;90.29.7;LEPTINA
98;90.30.1;LEVODOPA
98;90.30.2;LIPASI [S]
98;90.30.3;LIPOPROTEINA (a)
98;90.30.4;LIQUIDI DA VERSAMENTI ESAME CHIMICO
98;90.30.5;LIQUIDO AMNIOTICO ENZIMI
98;90.31.1;LIQUIDO AMNIOTICO FOSFOLIPIDI (Crom
98;90.31.2;LIQUIDO AMNIOTICO RAPPORTO LECITINA
98;90.31.3;LIQUIDO AMNIOTICO TEST ALLA SCHIUMA
98;90.31.4;LIQUIDO SEMINALE ESAME MORFOLOGICO 
98;90.31.5;LIQUIDO SEMINALE PROVE DI VALUTAZIO
98;90.32.1;LIQUIDO SINOVIALE ESAME CHIMICO FIS
98;90.32.2;LITIO [P]
98;90.32.3;LUTEOTROPINA (LH) [S/U]
98;90.32.4;LUTEOTROPINA (LH) E FOLLITROPINA (F
98;90.32.5;MAGNESIO TOTALE [S/U/dU/(Sg)Er]
98;90.33.1;MANGANESE [S]
98;90.33.2;MEPROBAMATO
98;90.33.3;MERCURIO
98;90.33.4;MICROALBUMINURIA
98;90.33.5;MIOGLOBINA [S/U]
98;90.33.6;MARKER TUMORALI :ALTRI
98;90.33.7;MARKERS DI FUNZIONE O DANNO TESSUTA
98;90.33.8;MARKERS  DI TURNOVER OSSEO : ALTRI
98;90.33.9;IGF-BP3
98;90.33.A;calprotectina fecale
98;90.34.1;NEOPTERINA
98;90.34.2;NICHEL
98;90.34.3;NORTRIPTILINA
98;90.34.4;OLIGOELEMENTI: DOSAGGIO PLASMATICO
98;90.34.5;ORMONE LATTOGENO PLACENTARE O SOMAT
98;90.34.6;OSMOLALITA  [P/U]
98;90.35.1;ORMONE SOMATOTROPO (GH) [P/U]
98;90.35.2;ORMONI: Dosaggi seriati dopo stimol
98;90.35.3;OSSALATI [U]
98;90.35.4;OSTEOCALCINA (BGP)
98;90.35.5;PARATORMONE (PTH) [S]
98;90.36.1;PARATORMONE RELATED PEPTIDE [S]
98;90.36.2;pH EMATICO
98;90.36.3;PIOMBO [S/U]
98;90.36.4;PIRUVATOCHINASI (PK) [(Sg)Er]
98;90.36.5;POLIPEPTIDE INTESTINALE VASOATTIVO 
98;90.37.1;PORFIRINE (Ricerca qualitativa e qu
98;90.37.2;PORFOBILINOGENO [U]
98;90.37.3;POST COITAL TEST
98;90.37.4;POTASSIO [S/U/dU/(Sg)Er]
98;90.37.5;PRIMIDONE
98;90.38.1;PROGESTERONE [S]
98;90.38.2;PROLATTINA (PRL) [S]
98;90.38.3;PROLATTINA (PRL): Dosaggi seriati d
98;90.38.4;PROTEINE (ELETTROFORESI DELLE) [S] 
98;90.38.5;PROTEINE [S/U/dU/La]
98;90.38.6;PROSTAGLANDINE
98;90.38.7;PROTEINA LEGANTE IL RETINOLO
98;90.39.1;PROTEINE URINARIE (ELETTROFORESI DE
98;90.39.2;PROTOPORFIRINA IX ERITROCITARIA
98;90.39.3;PURINE E LORO METABOLITI
98;90.39.4;RAME [S/U]
98;90.39.5;RECETTORI DEGLI ESTROGENI
98;90.40.1;RECETTORI DEL PROGESTERONE
98;90.40.2;RENINA [P]
98;90.40.3;SELENIO
98;90.40.4;SODIO [S/U/dU/(Sg)Er]
98;90.40.5;SUCCO GASTRICO ESAME CHIMICO COMPLE
98;90.40.6;SEROTONINA [S/P/Ps/U]
98;90.40.7;SOLFATI
98;90.40.8;SOMATOMEDINA
98;90.41.1;SUDORE (Esame con determinazione di
98;90.41.2;TEOFILLINA
98;90.41.3;TESTOSTERONE [P/U]
98;90.41.4;TESTOSTERONE LIBERO
98;90.41.5;TIREOGLOBULINA (Tg)
98;90.42.1;TIREOTROPINA (TSH)
98;90.42.2;TIREOTROPINA (TSH): Dosaggi seriati
98;90.42.3;TIROXINA LIBERA (FT4)
98;90.42.4;TRANSFERRINA (CapacitÃ  ferrolegant
98;90.42.5;TRANSFERRINA [S]
98;90.42.6;TIROXINA (T4) NEONATALE SU SPOT
98;90.42.7;TIREOTROPINA (TSH) NEONATALE SU SPO
98;90.42.8;RECETTORE SOLUBILE DELLA TRANSFERRI
98;90.42.9;TSH Reflex (TSH -R)
98;90.43.1;TRI TEST: ALFA 1 FETO
98;90.43.2;TRIGLICERIDI
98;90.43.3;TRIODOTIRONINA LIBERA (FT3)
98;90.43.4;TRIPSINA [S/U]
98;90.43.5;URATO [S/U/dU]
98;90.43.6;TEST COMBINATO (f-[]-hCG+PAPP-A)
98;90.43.7;TEST BIOCHIMICO (AFP+hCG+uE3+InhA)
98;90.43.8;TEST INTEGRATO BIOCHIMICO (PAPP-A+A
98;90.44.1;UREA [S/P/U/dU]
98;90.44.2;URINE CONTA DI ADDIS
98;90.44.3;URINE ESAME CHIMICO FISICO E MICROS
98;90.44.4;URINE ESAME PARZIALE (Acetone e glu
98;90.44.5;VITAMINA D
98;90.45.1;VITAMINE IDROSOLUBILI: DOSAGGIO PLA
98;90.45.2;VITAMINE LIPOSOLUBILI: DOSAGGIO PLA
98;90.45.3;XILOSIO (Test di assorbimento)
98;90.45.4;ZINCO [S/U]
98;90.45.5;ZINCOPROTOPORFIRINA [(Sg)Er]
98;90.45.6;SORBITOLO: DETERMINAZIONE
98;90.46.3;AGGLUTININE A FREDDO
98;90.46.4;ALFA 2 ANTIPLASMINA
98;90.46.5;ANTICOAGULANTE LUPUS-LIKE (LAC)
98;90.47.1;ANTICOAGULANTI ACQUISITI RICERCA
98;90.47.2;ANTICORPI ANTI A/B
98;90.47.3;ANTICORPI ANTI ANTIGENI NUCLEARI ES
98;90.47.4;ANTICORPI ANTI CANALE DEL CALCIO
98;90.47.5;ANTICORPI ANTI CARDIOLIPINA (IgG
98;90.48.1;ANTICORPI ANTI CELLULE PARIETALI GA
98;90.48.2;ANTICORPI ANTI CITOPLASMA DEI NEUTR
98;90.48.3;ANTICORPI ANTI DNA NATIVO
98;90.48.4;ANTICORPI ANTI ERITROCITARI (Caratt
98;90.48.5;ANTICORPI ANTI ERITROCITARI (Con me
98;90.49.1;ANTICORPI ANTI ERITROCITARI (Titola
98;90.49.2;ANTICORPI ANTI ERITROCITARI IDENTIF
98;90.49.3;ANTICORPI ANTI ERITROCITI [Test di 
98;90.49.4;ANTICORPI ANTI FATTORE VIII
98;90.49.5;ANTICORPI ANTI GLIADINA (IgG
98;90.49.6;ANTICORPI ANTIENDOMISIO
98;90.49.7;ANTICORPI ANTI FOSFOLIPIDI
98;90.49.8;ANTICORPI ANTIERITROCITI con monosp
98;90.49.9;ELUIZIONE/ADSORBIMENTO ANTICORPI AN
98;90.49.A;ANTICORPI ANTITRANSGLUTAMINASI
98;90.49.B;ANTICORPI ANTI CAG-A
98;90.50.1;ANTICORPI ANTI HLA (Cross-match
98;90.50.2;ANTICORPI ANTI HLA (Titolo per sing
98;90.50.3;ANTICORPI ANTI HLA CONTRO PANNELLO 
98;90.50.4;ANTICORPI ANTI HLA CONTRO SOSPENSIO
98;90.50.5;ANTICORPI ANTI INSULA PANCREATICA (
98;90.51.1;ANTICORPI ANTI INSULINA (AIAA)
98;90.51.2;ANTICORPI ANTI LEUCOCITI
98;90.51.3;ANTICORPI ANTI MAG
98;90.51.4;ANTICORPI ANTI MICROSOMI (AbTMS) O 
98;90.51.5;ANTICORPI ANTI MICROSOMI EPATICI E 
98;90.52.1;ANTICORPI ANTI MITOCONDRI (AMA)
98;90.52.2;ANTICORPI ANTI MUSCOLO LISCIO (ASMA
98;90.52.3;ANTICORPI ANTI MUSCOLO STRIATO (Cuo
98;90.52.4;ANTICORPI ANTI NUCLEO (ANA)
98;90.52.5;ANTICORPI ANTI ORGANO
98;90.53.1;ANTICORPI ANTI OVAIO
98;90.53.2;ANTICORPI ANTI PIASTRINE
98;90.53.3;ANTICORPI ANTI PIASTRINE IDENTIFICA
98;90.53.4;ANTICORPI ANTI RECETTORE NICOTINICO
98;90.53.5;ANTICORPI ANTI RECETTORI DEL TSH
98;90.53.6;ANTICORPI ANTIRECETTORI ACETILCOLIN
98;90.54.1;ANTICORPI ANTI SPERMATOZOI (ADESI) 
98;90.54.2;ANTICORPI ANTI SPERMATOZOI (LIBERI)
98;90.54.3;ANTICORPI ANTI SURRENE
98;90.54.4;ANTICORPI ANTI TIREOGLOBULINA (AbTg
98;90.54.5;ANTICORPI EMOLITICI ANTI ERITROCITA
98;90.55.1;ANTIGENE CARBOIDRATICO 125 (CA 125)
98;90.55.2;ANTIGENE CARBOIDRATICO 15.3 (CA 15.
98;90.55.3;ANTIGENE CARBOIDRATICO 19.9 (CA 19.
98;90.55.4;ANTIGENE CARBOIDRATICO 195 (CA 195)
98;90.55.5;ANTIGENE CARBOIDRATICO 50 (CA 50)
98;90.56.1;ANTIGENE CARBOIDRATICO 72-4 (CA 72-
98;90.56.2;ANTIGENE CARBOIDRATICO MUCINOSO (MC
98;90.56.3;ANTIGENE CARCINO EMBRIONARIO (CEA)
98;90.56.4;ANTIGENE POLIPEPTIDICO TISSUTALE (T
98;90.56.5;ANTIGENE PROSTATICO SPECIFICO (PSA)
98;90.56.6;ANTIGENE PROSTATICO LIBERO (PSA FRE
98;90.56.7;ANTIGENE TPS
98;90.56.8;PSA - Reflex (PSA -R )
98;90.57.1;ANTIGENE TA 4 (SCC)
98;90.57.2;ANTIGENI ERITROCITARI CD55/CD59
98;90.57.3;ANTIGENI HLA (Ciascuno)
98;90.57.4;ANTIGENI PIASTRINICI
98;90.57.5;ANTITROMBINA III FUNZIONALE
98;90.58.1;ATTIVATORE TISSUTALE DEL PLASMINOGE
98;90.58.2;AUTOANTICORPI ANTI ERITROCITI [Test
98;90.58.3;BETA TROMBOGLOBULINA
98;90.58.4;CARBOSSIEMOGLOBINA [(Sg)Hb/(Sg)Er]
98;90.58.5;CITOTOSSICITA  CON ANTIGENI SPECIFI
98;90.59.1;CITOTOSSICITA  CTL
98;90.59.2;CITOTOSSICITA  LAK
98;90.59.3;CITOTOSSICITA  SPONTANEA NK
98;90.59.4;COLTURA MISTA LINFOCITARIA UNIDIREZ
98;90.59.5;COFATTORE RISTOCETINICO
98;90.60.1;COMPLEMENTO (C1 Inibitore)
98;90.60.2;COMPLEMENTO: C1Q
98;90.60.3;CRIOCONSERVAZIONE CELLULE STAMINALI
98;90.60.4;CRIOCONSERVAZIONE SIERO PRE-TRAPIAN
98;90.60.5;CRIOCONSERVAZIONE SOSPENSIONI LINFO
98;90.60.6;CRIOCONSERVAZIONE  CELLULE  STAMINA
98;90.61.1;CRIOGLOBULINE RICERCA
98;90.61.2;CRIOGLOBULINE TIPIZZAZIONE
98;90.61.3;CYFRA 21-1
98;90.61.4;D-DIMERO (EIA)
98;90.61.5;D-DIMERO (Test al latice)
98;90.61.6;DROGHE D ABUSO :ALTRE (Immunometric
98;90.61.7;DROGHE D ABUSO : TEST DI CONFERMA C
98;90.62.1;EMAZIE (Conteggio)
98;90.62.2;EMOCROMO:  Hb
98;90.62.3;EMOLISINA BIFASICA
98;90.62.4;ENZIMI ERITROCITARI
98;90.62.5;EOSINOFILI (Conteggio)[Alb]
98;90.63.1;EPARINA (Mediante dosaggio inibitor
98;90.63.2;ERITROCITI: ANTIGENI NON ABO E NON 
98;90.63.3;ESAME DEL MIDOLLO OSSEO PER APPOSIZ
98;90.63.4;ESAME MICROSCOPICO DEL SANGUE PERIF
98;90.63.5;ESAME MICROSCOPICO DI STRISCIO O AP
98;90.64.1;FATTORE  vWF ANALISI MULTIMERICA
98;90.64.2;FATTORE REUMATOIDE
98;90.64.3;FATTORI DELLA COAGULAZIONE (II
98;90.64.4;FENOTIPO Rh
98;90.64.5;FIBRINA / FIBRINOGENO: PROD. DEGRAD
98;90.65.1;FIBRINOGENO FUNZIONALE
98;90.65.2;GLICOPROTEINA RICCA IN ISTIDINA
98;90.65.3;GRUPPO SANGUIGNO ABO e Rh (D)
98;90.65.4;GRUPPO SANGUIGNO ABO/Rh II controll
98;90.66.1;Hb - BIOSINTESI IN VITRO
98;90.66.2;Hb - EMOGLOBINA [Sg/La]
98;90.66.3;Hb - EMOGLOBINA A2
98;90.66.4;Hb - EMOGLOBINA FETALE (Dosaggio)
98;90.66.5;Hb - EMOGLOBINE ANOMALE (HbS
98;90.67.1;Hb - ISOELETTROFOCALIZZAZIONE
98;90.67.2;Hb - RICERCA MUTAZIONI DELLE CATENE
98;90.67.3;Hb - TEST DI STABILITA  [(Sg)Er]
98;90.67.4;IDENTIFICAZIONE DI SPECIFICITA  ANT
98;90.67.5;IgA SECRETORIE [Sa/Alb]
98;90.67.6;Hb- AffinitÃ  per l ossigeno (curva
98;90.67.7;Hb- AffinitÃ  per l ossigeno (test 
98;90.67.8;Hb- Dosaggio 2
98;90.68.1;IgE SPECIFICHE ALLERGOLOGICHE:(Per 
98;90.68.2;IgE SPECIFICHE ALLERGOLOGICHE: SCRE
98;90.68.3;IgE TOTALI
98;90.68.4;IgG SOTTOCLASSE 1
98;90.68.5;IgG SPECIFICHE ALLERGOLOGICHE
98;90.68.6;PROTEINA CATIONICA DEGLI EOSINOFILI
98;90.68.7;IMMUNOGLOBULINE G BLOCCANTI
98;90.68.8;TRYPTASI
98;90.69.1;IMMUNOCOMPLESSI CIRCOLANTI
98;90.69.2;IMMUNOFISSAZIONE
98;90.69.3;IMMUNOGLOBULINE DI SUPERFICIE LINFO
98;90.69.4;IMMUNOGLOBULINE IgA
98;90.69.5;INIBITORE ATTIVATORE DEL PLASMINOGE
98;90.69.6;IgD (Immunoglobine D)
98;90.70.1;INTERFERONE
98;90.70.2;INTERLEUCHINA 2
98;90.70.3;INTRADERMOREAZIONI CON PPD
98;90.70.4;LEUCOCITI (Conteggio e formula leuc
98;90.70.5;LEUCOCITI (Conteggio) [(Sg)]
98;90.70.6;INTERLEUCHINE : ALTRE
98;90.70.7;MANIPOLAZIONE  CELLULE  MIDOLLARI  
98;90.71.1;METAEMOGLOBINA [(Sg)Er]
98;90.71.2;MONOMERI SOLUBILI DI FIBRINA (FS Te
98;90.71.3;PIASTRINE (Conteggio) [(Sg)]
98;90.71.4;PINK TEST
98;90.71.5;PLASMINOGENO
98;90.71.6;PESPINOGENO
98;90.72.1;PROTEINA C ANTICOAGULANTE  ANTIGENE
98;90.72.2;PROTEINA C ANTICOAGULANTE FUNZIONAL
98;90.72.3;PROTEINA C REATTIVA (Quantitativa)
98;90.72.4;PROTEINA S LIBERA [P]
98;90.72.5;PROTEINA S TOTALE [P]
98;90.72.6;PROCALCITONINA
98;90.73.1;PROTROMBINA FRAMMENTI 1
98;90.73.2;PROVA CROCIATA DI COMPATIBILITA  TR
98;90.73.3;PROVA CROCIATA PIASTRINICA
98;90.73.4;PROVA DI COMPATIBILITA  MOLECOLARE 
98;90.73.5;PROVA DI COMPATIBILITA  SIEROLOGICA
98;90.74.1;PROVA DI COMPATIBILITA  SIEROLOGICA
98;90.74.2;REAZIONE DI WAALER ROSE
98;90.74.3;RESISTENZA OSMOTICA ERITROCITARIA (
98;90.74.4;RESISTENZE OSMOTICO GLOBULARI (Curv
98;90.74.5;RETICOLOCITI (Conteggio) [(Sg)]
98;90.74.6;RETICOLOCITI IN CITOFLUORIMETRIA
98;90.75.1;SOSTANZA AMILOIDE RICERCA
98;90.75.2;TEMPO DI EMORRAGIA SEC. MIELKE
98;90.75.3;TEMPO DI LISI EUGLOBULINICA
98;90.75.4;TEMPO DI PROTROMBINA (PT)
98;90.75.5;TEMPO DI TROMBINA (TT)
98;90.76.1;TEMPO DI TROMBOPLASTINA PARZIALE (P
98;90.76.2;TEST DI AGGREGAZIONE PIASTRINICA Se
98;90.76.3;TEST DI EMOLISI AL SACCAROSIO
98;90.76.4;TEST DI FALCIZZAZIONE
98;90.76.5;TEST DI HAM
98;90.77.1;TEST DI KLEIHAUER (Ricerca emazie f
98;90.77.2;TEST DI RESISTENZA ALLA PROTEINA C 
98;90.77.3;TEST DI STIMOLAZIONE LINFOCITARIA (
98;90.77.4;TEST DI STIMOLAZIONE LINFOCITARIA C
98;90.77.5;TEST FUNZIONALI PRE-TRAPIANTO (HTLp
98;90.77.6;TEST  DI  NEUTRALIZZAZIONE  FOSFOLI
98;90.78.1;TINE TEST (Reazione cutanea alla tu
98;90.78.2;TIPIZZAZIONE GENOMICA HLA-A
98;90.78.3;TIPIZZAZIONE GENOMICA HLA-A MEDIANT
98;90.78.4;TIPIZZAZIONE GENOMICA HLA-B
98;90.78.5;TIPIZZAZIONE GENOMICA HLA-B MEDIANT
98;90.79.1;TIPIZZAZIONE GENOMICA HLA-C
98;90.79.2;TIPIZZAZIONE GENOMICA HLA-C MEDIANT
98;90.79.3;TIPIZZAZIONE GENOMICA HLA-DP MEDIAN
98;90.79.4;TIPIZZAZIONE GENOMICA HLA-DPA1 AD A
98;90.79.5;TIPIZZAZIONE GENOMICA HLA-DPB1 AD A
98;90.80.1;TIPIZZAZIONE GENOMICA HLA-DQ MEDIAN
98;90.80.2;TIPIZZAZIONE GENOMICA HLA-DQA1 AD A
98;90.80.3;TIPIZZAZIONE GENOMICA HLA-DQB1 A BA
98;90.80.4;TIPIZZAZIONE GENOMICA HLA-DQB1 AD A
98;90.80.5;TIPIZZAZIONE GENOMICA HLA-DR MEDIAN
98;90.81.1;TIPIZZAZIONE GENOMICA HLA-DRB (DRB1
98;90.81.2;TIPIZZAZIONE GENOMICA HLA-DRB (DRB1
98;90.81.3;TIPIZZAZIONE SIEROLOGICA HLA CLASSE
98;90.81.4;TIPIZZAZIONE SIEROLOGICA HLA CLASSE
98;90.81.5;TIPIZZAZIONE SOTTOPOPOLAZIONI DI CE
98;90.81.6;TIPIZZAZIONE C4 (IE - imm.elettrofo
98;90.81.7;TIPIZZAZIONE Bf (immunoprecipitaz. 
98;90.82.1;TROMBINA - ANTITROMBINA III COMPLES
98;90.82.2;TROMBOSSANO B2
98;90.82.3;TROPONINA I
98;90.82.4;VALORE EMATOCRITO
98;90.82.5;VELOCITA  DI SEDIMENTAZIONE DELLE E
98;90.83.1;VISCOSITA  EMATICA
98;90.83.2;VISCOSITA  PLASMATICA
98;90.83.3;ACTINOMICETI IN MATERIALI BIOLOGICI
98;90.83.4;BATTERI ACIDI NUCLEICI IN MATERIALI
98;90.83.5;BATTERI ACIDI NUCLEICI IN MATERIALI
98;90.83.6;MICROORGANISMI NAS Ac. NUCLEICI IN 
98;90.83.7;MICROORGANISMI NAS ACIDI NUCLEICI I
98;90.84.1;BATTERI ANAEROBI ANTIBIOGRAMMA DA C
98;90.84.2;BATTERI ANAEROBI DA COLTURA IDENTIF
98;90.84.3;Batteri Anaerobi in materiali Biolo
98;90.84.4;BATTERI ANTIBIOGRAMMA DA COLTURA (a
98;90.84.5;BATTERI ANTIBIOGRAMMA DA COLTURA (a
98;90.85.1;BATTERI ANTIBIOGRAMMA DA COLTURA (K
98;90.85.2;BATTERI ANTIBIOGRAMMA DA COLTURA (M
98;90.85.3;BATTERI ANTIGENI CELLULARI ED EXTRA
98;90.85.4;BATTERI ANTIGENI CELLULARI ED EXTRA
98;90.85.5;BATTERI ANTIGENI CELLULARI ED EXTRA
98;90.85.6;BATTERI ANTIGENI CELLULARI ED EXTRA
98;90.85.7;BETALATTAMASI : RICERCA SU BATTERI
98;90.86.1;BATTERI DA COLTURA IDENTIFICAZIONE 
98;90.86.2;BATTERI DA COLTURA IDENTIFICAZIONE 
98;90.86.3;BATTERI DETERMINAZIONE CARICA MICRO
98;90.86.4;BATTERI IN CAMPIONI BIOLOGICI DIVER
98;90.86.5;BATTERI IN CAMPIONI BIOLOGICI DIVER
98;90.86.6;BATTERI IN CAMPIONI BIOLOGICI DIVER
98;90.86.7;BATTERI NAS IN CAMPIONI BIOLOGICI V
98;90.86.8;PROVA BIOLOGICA DI STERILITA 
98;90.86.9;MICRORGANISMI NAS: neutralizzazione
98;90.87.1;BATTERI POTERE ANTIBATTERICO RESIDU
98;90.87.2;BATTERI POTERE BATTERICIDA DEL SIER
98;90.87.3;BATTERI PRODOTTI METABOLICI IN MATE
98;90.87.4;BORDETELLA ANTICORPI (E.I.A.)
98;90.87.5;BORRELIA BURGDORFERI ANTICORPI (E.I
98;90.87.6;BORDETELLA PERTUSSIS ES. COLTURALE
98;90.88.1;BORRELIA BURGDORFERI ANTICORPI (I.F
98;90.88.2;BRUCELLE ANTICORPI (Titolazione med
98;90.88.3;CAMPYLOBACTER ANTIBIOGRAMMA
98;90.88.4;CAMPYLOBACTER DA COLTURA IDENTIFICA
98;90.88.5;CAMPYLOBACTER ESAME COLTURALE
98;90.89.1;CHLAMYDIE ANTICORPI (E.I.A.)
98;90.89.2;CHLAMYDIE ANTICORPI (Titolazione me
98;90.89.3;CHLAMYDIE DA COLTURA IDENTIFICAZION
98;90.89.4;CHLAMYDIE DA COLTURA IDENTIFICAZION
98;90.89.5;CHLAMYDIE ESAME COLTURALE
98;90.90.1;CHLAMYDIE RICERCA DIRETTA (E.I.A.)
98;90.90.2;CHLAMYDIE RICERCA DIRETTA (I.F.)
98;90.90.3;CHLAMYDIE RICERCA DIRETTA (mediante
98;90.90.4;CLOSTRIDIUM DIFFICILE DA COLTURA ID
98;90.90.5;CLOSTRIDIUM DIFFICILE ESAME COLTURA
98;90.91.1;CLOSTRIDIUM DIFFICILE TOSSINA NELLE
98;90.91.2;CRYPTOSPORIDIUM ANTIGENI NELLE FECI
98;90.91.3;CRYPTOSPORIDIUM ANTIGENI NELLE FECI
98;90.91.4;E. COLI ENTEROPATOGENI NELLE FECI E
98;90.91.5;E. COLI PATOGENI DA COLTURA IDENTIF
98;90.92.1;E. COLI PATOGENI DA COLTURA IDENTIF
98;90.92.2;ECHINOCOCCO [IDATIDOSI] ANTICORPI (
98;90.92.3;ECHINOCOCCO [IDATIDOSI] ANTICORPI (
98;90.92.4;ENTAMOEBA HISTOLYTICA ANTICORPI (E.
98;90.92.5;ENTAMOEBA HISTOLYTICA ANTICORPI (Ti
98;90.92.6;CORYNEBACTERIUM DIPHTHERIAE ES. COL
98;90.92.7;DIFTERITE ANTICORPI IgG (EIA)
98;90.93.1;ENTAMOEBA HISTOLYTICA NELLE FECI  E
98;90.93.2;ENTEROBIUS VERMICULARIS [OSSIURI]  
98;90.93.3;ESAME COLTURALE CAMPIONI  BIOLOGICI
98;90.93.4;ESAME COLTURALE CAMPIONI APPARATO G
98;90.93.5;ESAME COLTURALE CAMPIONI CAVITA  OR
98;90.93.6;ES. COLTURALE CAMPIONI PROVENIENTI 
98;90.93.7;ES. COLTURALE LIQUOR CEREBROSPINALE
98;90.93.8;ES. COLTURALE MATERIALE PROTESICO
98;90.93.9;ES. COLTURALE TAMPONE AURICOLARE
98;90.94.1;ESAME COLTURALE DEL SANGUE [EMOCOLT
98;90.94.2;ESAME COLTURALE DELL  URINA [URINOC
98;90.94.3;ESAME COLTURALE DELLE FECI  [COPROC
98;90.94.4;HELICOBACTER PYLORI ANTICORPI (E.I.
98;90.94.5;HELICOBACTER PYLORI IN MATERIALI BI
98;90.94.6;ES. COLTURALE TAMPONE OCULARE/CONGI
98;90.94.7;ESAME  COLTURALE ESPETTORATO
98;90.95.1;HELICOBACTER PYLORI UREASI NEL MATE
98;90.95.2;LEGIONELLE ANTICORPI (E.I.A.)
98;90.95.3;LEGIONELLE ANTICORPI (Titolazione m
98;90.95.4;LEGIONELLE IN MATERIALI BIOLOGICI  
98;90.95.5;LEGIONELLE IN MATERIALI BIOLOGICI  
98;90.95.6;LEGIONELLE
98;90.95.7;HELICOBACTER PYLORI
98;90.96.1;LEISHMANIA ANTICORPI (Titolazione m
98;90.96.2;LEISHMANIA SPP. NEL MATERIALE BIOPT
98;90.96.3;LEPTOSPIRE ANTICORPI (E.I.A.)
98;90.96.4;LEPTOSPIRE ANTICORPI (Titolazione m
98;90.96.5;LEPTOSPIRE ANTICORPI (Titolazione m
98;90.96.6;LEPTOSPIRA ES. COLTURALE
98;90.97.1;LISTERIA MONOCYTOGENES ANTICORPI (T
98;90.97.2;MICETI  ANTICORPI (D.I.D.)
98;90.97.3;MICETI [LIEVITI] ANTIMICOGRAMMA DA 
98;90.97.4;MICETI [LIEVITI] IDENTIFICAZIONE BI
98;90.97.5;MICETI ANTICORPI (Titolazione media
98;90.97.6;MICETI Ag. CELLULARI ED EXTRACELLUL
98;90.97.7;MICETI Ag. CELLULARI ED EXTRACELLUL
98;90.97.8;AMANITINA URINARIA
98;90.98.1;MICETI  ANTICORPI  (Titolazione med
98;90.98.2;MICETI DA COLTURA IDENTIFICAZIONE M
98;90.98.3;MICETI DA COLTURA IDENTIFICAZIONE S
98;90.98.4;MICETI IN CAMPIONI BIOLOGICI DIVERS
98;90.98.5;MICETI IN CAMPIONI BIOLOGICI DIVERS
98;91.01.1;MICOBATTERI ANTIBIOGRAMMA DA COLTUR
98;91.01.2;MICOBATTERI ANTIBIOGRAMMA DA COLTUR
98;91.01.3;MICOBATTERI ANTICORPI (E.I.A.)
98;91.01.4;MICOBATTERI DA COLTURA IDENTIFICAZI
98;91.01.5;MICOBATTERI DA COLTURA IDENTIFICAZI
98;91.02.1;MICOBATTERI DA COLTURA IDENTIFICAZI
98;91.02.2;MICOBATTERI IN CAMPIONI BIOLOGICI D
98;91.02.3;MICOBATTERI IN CAMPIONI BIOLOGICI E
98;91.02.4;MICOBATTERI IN CAMPIONI BIOLOGICI R
98;91.02.5;MICOPLASMA PNEUMONIAE ANTICORPI (E.
98;91.03.1;MICOPLASMA PNEUMONIAE ANTICORPI (Ti
98;91.03.2;MICOPLASMA PNEUMONIAE DA COLTURA ID
98;91.03.3;MICOPLASMA PNEUMONIAE DA COLTURA ID
98;91.03.4;MICOPLASMA PNEUMONIAE IN MATERIALI 
98;91.03.5;NEISSERIA GONORRHOEAE  ESAME COLTUR
98;91.03.6;MICOPLASMI UROGENITALI : ES. COLTUR
98;91.04.1;NEISSERIA MENINGITIDIS ESAME COLTUR
98;91.04.2;NEISSERIAE IDENTIFICAZIONE BIOCHIMI
98;91.04.3;NEISSERIAE IDENTIFICAZIONE SIEROLOG
98;91.04.4;PARASSITI [ELMINTI
98;91.04.5;PARASSITI IN MATERIALI BIOLOGICI RI
98;91.05.1;PARASSITI INTESTINALI [ELMINTI
98;91.05.2;PARASSITI INTESTINALI [ELMINTI
98;91.05.3;PARASSITI INTESTINALI [PROTOZOI] ES
98;91.05.4;PARASSITI INTESTINALI RICERCA MICRO
98;91.05.5;PLASMODI DELLA MALARIA NEL SANGUE R
98;91.05.6;ES. MICROSCOPICO A FRESCO SU MATERI
98;91.06.1;PLASMODIO FALCIPARUM ANTICORPI (Tit
98;91.06.2;PNEUMOCISTIS CARINII NEL BRONCOLAVA
98;91.06.3;PNEUMOCISTIS CARINII NEL BRONCOLAVA
98;91.06.4;PROTOZOI IN MATERIALI BIOLOGICI DIV
98;91.06.5;RICKETTSIE ANTICORPI (Titolazione m
98;91.06.6;PROTOZOI Ag. CELLULARI ED EXTRACELL
98;91.06.7;PROTOZOI Ag. CELLULARI ED EXTRACELL
98;91.07.1;RICKETTSIE ANTICORPI [ANTI PROTEUS 
98;91.07.2;SALMONELLE ANTICORPI (E.I.A.)
98;91.07.3;SALMONELLE ANTICORPI (Titolazione m
98;91.07.4;SALMONELLE DA COLTURA IDENTIFICAZIO
98;91.07.5;SALMONELLE DA COLTURA IDENTIFICAZIO
98;91.08.1;SALMONELLE E BRUCELLE ANTICORPI (Ti
98;91.08.2;SCHISTOSOMA ANTICORPI (Titolazione 
98;91.08.3;SHIGELLE DA COLTURA IDENTIFICAZIONE
98;91.08.4;STREPTOCOCCO AGALACTIAE NEL TAMPONE
98;91.08.5;STREPTOCOCCO ANTICORPI ANTI ANTISTR
98;91.08.6;ANTICORPI ANTI STREPTOCOCCO : ALTRI
98;91.09.1;STREPTOCOCCO ANTICORPI ANTI DNAsi B
98;91.09.2;STREPTOCOCCUS PYOGENES NEL TAMPONE 
98;91.09.3;TOXOCARA ANTICORPI (E.I.A.)
98;91.09.4;TOXOPLASMA ANTICORPI (E.I.A.)
98;91.09.5;TOXOPLASMA ANTICORPI (Titolazione m
98;91.10.1;TOXOPLASMA ANTICORPI (Titolazione m
98;91.10.2;TREPONEMA PALLIDUM ANTICORPI (E.I.A
98;91.10.3;TREPONEMA PALLIDUM ANTICORPI (I.F.)
98;91.10.4;TREPONEMA PALLIDUM ANTICORPI (Ricer
98;91.10.5;TREPONEMA PALLIDUM ANTICORPI (Ricer
98;91.10.6;TETANO ANTICORPI IgG (EIA)
98;91.11.1;TREPONEMA PALLIDUM ANTICORPI ANTI C
98;91.11.2;TRICHOMONAS VAGINALIS NEL SECRETO V
98;91.11.3;VIBRIO CHOLERAE NELLE FECI  ESAME C
98;91.11.4;VIBRIO DA COLTURA IDENTIFICAZIONE B
98;91.11.5;VIRUS ACIDI NUCLEICI IN MATERIALI B
98;91.12.1;VIRUS ACIDI NUCLEICI IN MATERIALI B
98;91.12.2;VIRUS ACIDI NUCLEICI IN MATERIALI B
98;91.12.3;VIRUS ADENOVIRUS ANTICORPI (E.I.A.)
98;91.12.4;VIRUS ADENOVIRUS ANTICORPI (Titolaz
98;91.12.5;VIRUS ADENOVIRUS IN MATERIALI BIOLO
98;91.12.6;VIRUS NAS COLTURA DA MATERIALE BIOL
98;91.12.7;VIRUS NAS RICERCA ACIDI NUCLEICI (p
98;91.13.1;VIRUS ANTICORPI  (Titolazione media
98;91.13.2;VIRUS ANTICORPI  IMMUNOBLOTTING (Sa
98;91.13.3;VIRUS ANTIGENI IN MATERIALI BIOLOGI
98;91.13.4;VIRUS ANTIGENI IN MATERIALI BIOLOGI
98;91.13.5;VIRUS ANTIGENI IN MATERIALI BIOLOGI
98;91.13.6;MICROORGANISMI NAS RICERCA ANTICORP
98;91.13.7;MICROORGANISMI NAS RICERCA ANTICORP
98;91.13.8;SEPARAZIONE LEUCOCITI DAL SANGUE ME
98;91.13.9;SEPARAZIONE IgM PER RICERCA ANTICOR
98;91.14.1;VIRUS CITOMEGALOVIRUS ANTICORPI (E.
98;91.14.2;VIRUS CITOMEGALOVIRUS ANTICORPI (Ti
98;91.14.3;VIRUS CITOMEGALOVIRUS ANTICORPI IgM
98;91.14.4;VIRUS CITOMEGALOVIRUS DA COLTURA ID
98;91.14.5;VIRUS CITOMEGALOVIRUS IN MATERIALI 
98;91.15.1;VIRUS CITOMEGALOVIRUS NEL LATTE MAT
98;91.15.2;VIRUS CITOMEGALOVIRUS NEL SANGUE AC
98;91.15.3;VIRUS CITOMEGALOVIRUS NEL SANGUE ES
98;91.15.4;VIRUS CITOMEGALOVIRUS NELL  URINA  
98;91.15.5;VIRUS CITOMEGALOVIRUS NELL  URINA A
98;91.16.1;VIRUS COXSACKIE [B1
98;91.16.2;VIRUS COXSACKIE [B1
98;91.16.3;VIRUS DA COLTURA IDENTIFICAZIONE (m
98;91.16.4;VIRUS DA COLTURA IDENTIFICAZIONE (m
98;91.16.5;VIRUS DA COLTURA IDENTIFICAZIONE (m
98;91.16.6;VIRUS EBV ACIDI NUCLEICI (previa PC
98;91.17.1;VIRUS EPATITE A [HAV] ANTICORPI
98;91.17.2;VIRUS EPATITE A [HAV] ANTICORPI IgM
98;91.17.3;VIRUS EPATITE B [HBV] ACIDI NUCLEIC
98;91.17.4;VIRUS EPATITE B [HBV] ACIDI NUCLEIC
98;91.17.5;VIRUS EPATITE B [HBV] ANTICORPI HBc
98;91.18.1;VIRUS EPATITE B [HBV] ANTICORPI HBc
98;91.18.2;VIRUS EPATITE B [HBV] ANTICORPI HBe
98;91.18.3;VIRUS EPATITE B [HBV] ANTICORPI HBs
98;91.18.4;VIRUS EPATITE B [HBV] ANTIGENE HBeA
98;91.18.5;VIRUS EPATITE B [HBV] ANTIGENE HBsA
98;91.19.1;VIRUS EPATITE B [HBV] ANTIGENE HBsA
98;91.19.2;VIRUS EPATITE B [HBV] DNA-POLIMERAS
98;91.19.3;VIRUS EPATITE C [HCV] ANALISI QUALI
98;91.19.4;VIRUS EPATITE C [HCV] ANALISI QUANT
98;91.19.5;VIRUS EPATITE C [HCV] ANTICORPI
98;91.20.1;VIRUS EPATITE C [HCV] IMMUNOBLOTTIN
98;91.20.2;VIRUS EPATITE C [HCV] TIPIZZAZIONE 
98;91.20.3;VIRUS EPATITE DELTA [HDV] ANTICORPI
98;91.20.4;VIRUS EPATITE DELTA [HDV] ANTICORPI
98;91.20.5;VIRUS EPATITE DELTA [HDV] ANTIGENE 
98;91.21.1;VIRUS EPSTEIN BARR [EBV] ANTICORPI 
98;91.21.2;VIRUS EPSTEIN BARR [EBV] ANTICORPI 
98;91.21.3;VIRUS EPSTEIN BARR [EBV] ANTICORPI 
98;91.21.4;VIRUS EPSTEIN BARR [EBV] ANTICORPI 
98;91.21.5;VIRUS HERPES ANTICORPI (Titolazione
98;91.21.6;VIRUS HHV6 COLTURA DA MATERIALE BIO
98;91.21.7;VIRUS HHV6 ANTICORPI IgG  o IgM (IF
98;91.22.1;VIRUS HERPES SIMPLEX (TIPO 1 o 2) A
98;91.22.2;VIRUS IMMUNODEF. ACQUISITA [HIV ] A
98;91.22.3;VIRUS IMMUNODEF. ACQUISITA [HIV ] A
98;91.22.4;VIRUS IMMUNODEF. ACQUISITA [HIV 1-2
98;91.22.5;VIRUS IMMUNODEF. ACQUISITA [HIV 1-2
98;91.22.6;VIRUS HSV COLTURA DA MATERIALE BIOL
98;91.22.7;VIRUS HSV RICERCA ACIDI NUCLEICI (p
98;91.23.1;VIRUS IMMUNODEF. ACQUISITA [HIV 1] 
98;91.23.2;VIRUS IMMUNODEF. ACQUISITA [HIV 1] 
98;91.23.3;VIRUS IMMUNODEF. ACQUISITA [HIV 1] 
98;91.23.4;VIRUS IMMUNODEF. ACQUISITA [HIV 1] 
98;91.23.5;VIRUS IMMUNODEF. ACQUISITA [HIV 2] 
98;91.23.6;VIRUS INFLUENZALI COLTURA DA MATERI
98;91.24.1;VIRUS IN MATERIALI BIOLOGICI ESAME 
98;91.24.2;VIRUS IN MATERIALI BIOLOGICI ESAME 
98;91.24.3;VIRUS MORBILLO ANTICORPI (E.I.A.)
98;91.24.4;VIRUS MORBILLO ANTICORPI (I.F.)
98;91.24.5;VIRUS MORBILLO ANTICORPI (Titolazio
98;91.24.6;VIRUS PARAINFLUENZALI COLTURA DA MA
98;91.25.1;VIRUS PAROTITE ANTICORPI (E.I.A.)
98;91.25.2;VIRUS PAROTITE ANTICORPI (I.F.)
98;91.25.3;VIRUS PAROTITE ANTICORPI (Titolazio
98;91.25.4;VIRUS PARVOVIRUS B19 ANTICORPI (E.I
98;91.25.5;VIRUS RESPIRATORIO SINCIZIALE ANTIC
98;91.25.6;VIRUS PARVOVIRUS B19 RICERCA ACIDI 
98;91.25.7;VIRUS RESPIRATORI COLTURA DA MATERI
98;91.26.1;VIRUS RESPIRATORIO SINCIZIALE ANTIC
98;91.26.2;VIRUS RESPIRATORIO SINCIZIALE ANTIC
98;91.26.3;VIRUS RETROVIRUS ANTICORPI ANTI HTL
98;91.26.4;VIRUS ROSOLIA ANTICORPI
98;91.26.5;VIRUS ROSOLIA ANTICORPI (Titolazion
98;91.27.1;VIRUS VARICELLA ZOSTER ANTICORPI (E
98;91.27.2;VIRUS VARICELLA ZOSTER ANTICORPI (I
98;91.27.3;VIRUS VARICELLA ZOSTER ANTICORPI (T
98;91.27.4;YERSINIA DA COLTURA IDENTIFICAZIONE
98;91.27.5;YERSINIA NELLE FECI ESAME COLTURALE
98;91.28.1;ANALISI CITOGENETICA PER PATOLOGIA 
98;91.28.2;ANALISI CITOGENETICA PER RICERCA SI
98;91.28.3;ANALISI CITOGENETICA PER SCAMBI DI 
98;91.28.4;ANALISI CITOGENETICA PER STUDIO MOS
98;91.28.5;ANALISI CITOGENETICA PER STUDIO RIA
98;91.29.1;ANALISI DEL DNA ED IBRIDAZIONE CON 
98;91.29.2;ANALISI DEL DNA PER POLIMORFISMO - 
98;91.29.3;ANALISI DI MUTAZIONE DEL DNA  - Con
98;91.29.4;ANALISI DI MUTAZIONE DEL DNA  - Con
98;91.29.5;ANALISI DI MUTAZIONE DEL DNA - Con 
98;91.29.6;REAL TIME PCR (metodo 5  Nucleasi)
98;91.29.7;DISCRIMINAZIONE ALLELICA
98;91.29.8;Analisi della Metilazione
98;91.30.1;ANALISI DI MUTAZIONI DEL DNA - Con 
98;91.30.2;ANALISI DI POLIMORFISMI (str
98;91.30.3;ANALISI  DI SEGMENTI DI DNA MEDIANT
98;91.30.4;CARIOTIPO  AD ALTA RISOLUZIONE - 1 
98;91.30.5;CARIOTIPO DA METAFASI DI FIBROBLAST
98;91.31.1;CARIOTIPO DA METAFASI DI LIQUIDO AM
98;91.31.2;CARIOTIPO DA METAFASI LINFOCITARIE 
98;91.31.3;CARIOTIPO DA METAFASI SPONTANEE DI 
98;91.31.4;CARIOTIPO DA METAFASI SPONTANEE DI 
98;91.31.5;COLORAZIONE AGGIUNTIVA IN BANDE: Ac
98;91.31.6;MICROSPORIDI RICERCA MEDIANTE COLOR
98;91.31.7;MICROORGANISMI NAS RICERCA ANTICORP
98;91.31.8;MICRORGANISMI NAS: antigeni cellula
98;91.31.9;MICRORGANISMI NAS: antigeni cellula
98;91.31.A;MICRORGANISMI NAS: identificazione 
98;91.31.B;MICRORGANISMI NAS: altri anticorpi
98;91.32.1;COLORAZIONE AGGIUNTIVA IN BANDE: Ba
98;91.32.2;COLORAZIONE AGGIUNTIVA IN BANDE: Ba
98;91.32.3;COLORAZIONE AGGIUNTIVA IN BANDE: Ba
98;91.32.4;COLORAZIONE AGGIUNTIVA IN BANDE: Ba
98;91.32.5;COLORAZIONE AGGIUNTIVA IN BANDE: Ba
98;91.33.1;COLORAZIONE AGGIUNTIVA IN BANDE: Ba
98;91.33.2;COLORAZIONE AGGIUNTIVA IN BANDE: Ba
98;91.33.3;COLORAZIONE AGGIUNTIVA IN BANDE: Di
98;91.33.4;COLTURA DI AMNIOCITI
98;91.33.5;COLTURA DI CELLULE DI ALTRI TESSUTI
98;91.34.1;COLTURA DI FIBROBLASTI
98;91.34.2;COLTURA DI LINEE CELLULARI STABILIZ
98;91.34.3;COLTURA DI LINEE LINFOCITARIE STABI
98;91.34.4;COLTURA DI LINFOCITI FETALI CON PHA
98;91.34.5;COLTURA DI LINFOCITI PERIFERICI CON
98;91.35.1;COLTURA DI MATERIALE ABORTIVO
98;91.35.2;COLTURA SEMISOLIDA DI CELLULE EMOPO
98;91.35.3;COLTURA DI VILLI CORIALI (A breve t
98;91.35.4;COLTURA DI VILLI CORIALI
98;91.35.5;COLTURA PER STUDIO DEL CROMOSOMA X 
98;91.36.1;CONSERVAZIONE DI CAMPIONI DI DNA O 
98;91.36.2;CRIOCONSERVAZIONE IN AZOTO LIQUIDO 
98;91.36.3;CRIOCONSERVAZIONE IN AZOTO LIQUIDO 
98;91.36.4;DIGESTIONE DI DNA CON ENZIMI DI RES
98;91.36.5;ESTRAZIONE DI DNA O DI RNA  (nuclea
98;91.37.1;IBRIDAZIONE CON SONDA MOLECOLARE
98;91.37.2;IBRIDAZIONE IN SITU (FISH) SU METAF
98;91.37.3;IBRIDAZIONE IN SITU (FISH) SU METAF
98;91.37.4;IBRIDAZIONE IN SITU (FISH) SU METAF
98;91.37.5;IBRIDAZIONE IN SITU (FISH) SU METAF
98;91.38.1;RICERCA MUTAZIONE (DGGE) - Ricerca 
98;91.38.2;RICERCA MUTAZIONE (SSCP)
98;91.38.3;SINTESI DI OLIGONUCLEOTIDI (Ciascun
98;91.38.4;ANALISI DEL DNA CELLULARE PER LO ST
98;91.38.5;ES. CITOLOGICO CERVICO VAGINALE [PA
98;91.38.6;RICERCA MUTAZIONE (DHPLC) Per blocc
98;91.38.7;RICERCA MUTAZIONE (OLA -PCR-SCS) pe
98;91.38.8;RICERCA MUTAZIONE (Pyrosequencing) 
98;91.38.9;ESAME CITOLOGICO SU STRATO SOTTILE(
98;91.39.1;ES. CITOLOGICO DA AGOASPIRAZIONE Na
98;91.39.2;ES. CITOLOGICO DI ESPETTORATO (Fino
98;91.39.3;ES. CITOLOGICO DI VERSAMENTI (Fino 
98;91.39.4;ES. CITOLOGICO URINE PER RICERCA CE
98;91.39.5;ES. ISTOCITOPATOLOGICO ARTICOLAZION
98;91.40.1;ES. ISTOCITOPATOLOGICO ARTICOLAZION
98;91.40.2;ES. ISTOCITOPATOLOGICO BULBO OCULAR
98;91.40.3;ES. ISTOCITOPATOLOGICO CAVO ORALE: 
98;91.40.4;ES. ISTOCITOPATOLOGICO CUTE (Shave 
98;91.40.5;ES. ISTOCITOPATOLOGICO CUTE E/O TES
98;91.41.1;ES. ISTOCITOPATOLOGICO CUTE E/O TES
98;91.41.2;ES. ISTOCITOPATOLOGICO APP. DIGEREN
98;91.41.3;ES. ISTOCITOPATOLOGICO APP. DIGEREN
98;91.41.4;ES. ISTOCITOPATOLOGICO APP. DIGEREN
98;91.41.5;ES. ISTOCITOPATOLOGICO APP. DIGEREN
98;91.42.1;ES. ISTOCITOPATOLOGICO APP. DIGEREN
98;91.42.2;ES. ISTOCITOPATOLOGICO APP. DIGEREN
98;91.42.3;ES. ISTOCITOPATOLOGICO APP. MUSCOLO
98;91.42.4;ES. ISTOCITOPATOLOGICO APP. RESPIRA
98;91.42.5;ES. ISTOCITOPATOLOGICO APP. RESPIRA
98;91.43.1;ES. ISTOCITOPATOLOGICO APP. RESPIRA
98;91.43.2;ES. ISTOCITOPATOLOGICO APP. RESPIRA
98;91.43.3;ES. ISTOCITOPATOLOGICO APP. RESPIRA
98;91.43.4;ES. ISTOCITOPATOLOGICO APP. RESPIRA
98;91.43.5;ES. ISTOCITOPATOLOGICO APP. UROGENI
98;91.44.1;ES. ISTOCITOPATOLOGICO APP. UROGENI
98;91.44.2;ES. ISTOCITOPATOLOGICO APP. UROGENI
98;91.44.3;ES. ISTOCITOPATOLOGICO APP. UROGENI
98;91.44.4;ES. ISTOCITOPATOLOGICO APP. UROGENI
98;91.44.5;ES. ISTOCITOPATOLOGICO APP. UROGENI
98;91.45.1;ES. ISTOCITOPATOLOGICO APP. UROGENI
98;91.45.2;ES. ISTOCITOPATOLOGICO APP. UROGENI
98;91.45.3;ES. ISTOCITOPATOLOGICO APP. UROGENI
98;91.45.4;ES. ISTOCITOPATOLOGICO APP. UROGENI
98;91.45.5;ES. ISTOCITOPATOLOGICO APP. UROGENI
98;91.46.1;ES. ISTOCITOPATOLOGICO APP. UROGENI
98;91.46.2;ES. ISTOCITOPATOLOGICO APP. UROGENI
98;91.46.3;ES. ISTOCITOPATOLOGICO APP. UROGENI
98;91.46.4;ES. ISTOCITOPATOLOGICO APP. UROGENI
98;91.46.5;ES. ISTOCITOPATOLOGICO MAMMELLA: Bi
98;91.47.1;ES. ISTOCITOPATOLOGICO MAMMELLA: No
98;91.47.2;ES. ISTOCITOPATOLOGICO SISTEMA EMOP
98;91.47.3;ES. ISTOCITOPATOLOGICO SISTEMA EMOP
98;91.47.4;ES. ISTOCITOPATOLOGICO SISTEMA EMOP
98;91.47.5;ES. ISTOCITOPATOLOGICO SISTEMA EMOP
98;91.47.6;PANNELLO DI FATTORI PROGNOSTICI E P
98;91.47.7;PANNELLO DI IMMUNOFENOTIPIZZAZIONE 
98;91.47.8;REAZIONE DI IMMUNOFENOTIPIZZAZIONE 
98;91.47.9;INTEGRAZIONE DIAGNOSTICA ANATOMO-PA
98;91.48.1;ES. ISTOCITOPATOLOGICO SISTEMA ENDO
98;91.48.2;ES. ISTOCITOPATOLOGICO S.N.P.: Biop
98;91.48.3;ES. ISTOCITOPATOLOGICO ULTRASTRUTTU
98;91.48.4;PRELIEVO CITOLOGICO
98;91.48.5;PRELIEVO DI SANGUE ARTERIOSO
98;91.49.1;PRELIEVO DI SANGUE CAPILLARE
98;91.49.2;PRELIEVO DI SANGUE VENOSO
98;91.49.3;PRELIEVO MICROBIOLOGICO
98;91.49.4;PRELIEVO  IN  NON  COLLABORANTE
98;91.50.1;LIQUOR : ESAME CHIMICO FISICO E MOR
98;91.50.2;LIQUOR : ALBUMINA (Nefelometria
98;91.50.3;LIQUOR : GLUCOSIO
98;91.50.4;LIQUOR : ELETTROLITI [Na
98;91.50.5;LIQUOR : PROTEINE
98;91.50.6;LIQUOR : LDH
98;91.50.7;LIQUOR : IgA
98;91.50.8;LIQUOR : TRANSFERRINA
98;99.06.1;INFUSIONE DI FATTORI DELLA COAGULAZ
98;99.07.1;TRASFUSIONE DI SANGUE O EMOCOMPONEN
98;99.71.1;SUPPLEMENTO  PER  PLASMAFERESI  CON
98;99.72.1;STAMINOAFERESI
98;99.73.1;ERITROAFERESI CON SACCHE MULTIPLE
98;99.73.2;SALASSO  TERAPEUTICO
99;89.07;CONSULTO INTERDISCIPLINARE DEFINITO
99;96.59;ALTRA IRRIGAZIONE DI FERITA - Puliz
99;99.13;IMMUNIZZAZIONE PER MALATTIA AUTOIMM
99;89.01.1;Valutazione e certificazione period
99;93.56.1;FASCIATURA SEMPLICE -
99;93.82.1;TERAPIA EDUCAZIONALE DEL DIABETICO 
99;93.82.2;TERAPIA EDUCAZIONALE DELL  ASMATICO
99;99.14.1;INFUSIONE DI IMMUNOGLOBULINE ENDOVE
99;99.25.1;TERAPIA  INFUSIONALE  ENDOVENOSA
